channel_index,channel_name,group,normalized_gate
0,Fz,other,0.044960495084524155
1,FC3,sensorimotor,0.045941710472106934
2,FC1,other,0.04573744162917137
3,FCz,sensorimotor,0.04550142586231232
4,FC2,other,0.045074205845594406
5,FC4,sensorimotor,0.04470451921224594
6,C5,other,0.046222202479839325
7,C3,sensorimotor,0.045644376426935196
8,C1,other,0.04527074471116066
9,Cz,sensorimotor,0.04527607932686806
10,C2,other,0.04466493800282478
11,C4,sensorimotor,0.04475485906004906
12,C6,other,0.04635569453239441
13,CP3,sensorimotor,0.04515253007411957
14,CP1,other,0.04631158336997032
15,CPz,sensorimotor,0.04575444385409355
16,CP2,other,0.045503292232751846
17,CP4,sensorimotor,0.04531968757510185
18,P1,posterior,0.04635648429393768
19,Pz,posterior,0.04517730325460434
20,P2,posterior,0.04508713260293007
21,POz,posterior,0.04522882401943207
