epoch,train_loss,train_ce,train_logic,train_acc,val_loss,val_acc,lr
1,1.4455747912451984,1.371623282722245,0.7395151379943009,0.3025554484088717,1.3615998632659323,0.333976833976834,0.0005
2,1.3467460832807343,1.2763734748991153,0.703726111060743,0.41706846673095466,1.3217943662842269,0.41216216216216217,0.0005
3,1.2507450370227589,1.1847049932470661,0.6604004158003466,0.4845708775313404,1.261642364001182,0.47586872586872586,0.0005
4,1.1698628453647388,1.107795756256339,0.6206709244786945,0.5337512054001928,1.1797064169953688,0.528957528957529,0.0005
5,1.1279627038749687,1.0682414260871615,0.5972127875343698,0.5571359691417551,1.1072546501417417,0.5627413127413128,0.0005
6,1.0731293525162404,1.016180975802724,0.5694838448453662,0.5906460945033751,1.0509071340892306,0.582046332046332,0.0005
7,1.0425553037897255,0.9870240046869938,0.5553130125240742,0.6082449373191899,1.0130750143389904,0.584942084942085,0.0005
8,1.0152568295238793,0.9611301325556167,0.5412670189987153,0.6159594985535197,0.9875375050835627,0.5984555984555985,0.0005
9,0.9910600146884053,0.9383501874906233,0.5270983108329221,0.6154773384763742,0.9711905911162093,0.611003861003861,0.0005
10,0.9662184514672915,0.9147717198617433,0.5144673234126607,0.6388621022179364,0.9491153555026846,0.6061776061776062,0.0005
11,0.9419534393768532,0.8919064431319241,0.5004699350323029,0.642960462873674,0.9299802020709947,0.6187258687258688,0.0005
12,0.9185573957005485,0.8695134067604374,0.49043989986209996,0.6583895853423336,0.9191135002379252,0.6351351351351351,0.0005
13,0.903239271162561,0.8550437498000687,0.4819552336847311,0.6583895853423336,0.8984724007057867,0.6418918918918919,0.0005
14,0.8751152505525168,0.8283351055681418,0.4678014780654282,0.6735776277724205,0.8796435725734961,0.6573359073359073,0.0005
15,0.8643018418245858,0.8182742291039418,0.4602761614058264,0.6759884281581485,0.8783735589171008,0.6476833976833977,0.0005
16,0.8582408736848786,0.8128783393618916,0.453625330929586,0.6726133076181292,0.8556099313106316,0.668918918918919,0.0005
17,0.8359273289300666,0.7914381211725932,0.4448921066585824,0.694069431051109,0.85607582652891,0.6776061776061776,0.0005
18,0.8150732044198818,0.7716606785844125,0.43412523846732043,0.6998553519768563,0.8480739522164392,0.6805019305019305,0.0005
19,0.819386364351473,0.7760608568140948,0.43325506088933696,0.690212150433944,0.8316288231422542,0.6766409266409267,0.0005
20,0.8040014240987735,0.7613590752837053,0.4264234563078922,0.6993731918997107,0.8152613124331912,0.6882239382239382,0.0005
21,0.7892599870291832,0.7474714149734438,0.4178857481468149,0.71648987463838,0.8090128979167422,0.6776061776061776,0.0005
22,0.770142160995487,0.7292115411854986,0.4093061639004986,0.7138379942140791,0.7960740776595921,0.693050193050193,0.0005
23,0.7851527606854674,0.7438971715240148,0.41255586109372894,0.7131147540983607,0.7873617019432392,0.6824324324324325,0.0005
24,0.755875020500779,0.7156741977772579,0.40200826034251613,0.7222757955641272,0.7847757691582198,0.6882239382239382,0.0005
25,0.7544222894262095,0.7146421658843325,0.39780122570499504,0.7229990356798457,0.7697518785487731,0.6998069498069498,0.0005
26,0.7490465915766379,0.7096576727459722,0.3938891693389289,0.7205882352941176,0.7715005690526778,0.6911196911196911,0.0005
27,0.7299693698708324,0.6910031941955551,0.38966169645839166,0.7285438765670202,0.7839786907420655,0.7007722007722008,0.0005
28,0.7387546907855321,0.6998765787025312,0.388781116289251,0.7234811957569913,0.758815758016579,0.6998069498069498,0.0005
29,0.7139309074517731,0.6760440588917084,0.3788685099138243,0.7403567984570878,0.7527848894071395,0.7027027027027027,0.0005
30,0.7204504387817824,0.6826004363531777,0.3785000100889914,0.7355351976856316,0.7570404599071929,0.6988416988416989,0.0005
31,0.7185802214285907,0.6807816889040036,0.37798533386756505,0.7333654773384763,0.7446803367736257,0.7017374517374517,0.0005
32,0.7062679463090409,0.6690751395781912,0.3719280907020275,0.7340887174541948,0.7451659199353811,0.7036679536679536,0.0005
33,0.7114989406347505,0.6743788249582311,0.3712011414760564,0.7386692381870781,0.7449840505150754,0.7055984555984556,0.0005
34,0.693388984656265,0.6567612374300207,0.3662774703656696,0.7456605593056895,0.7378916241027214,0.7075289575289575,0.0005
35,0.6829198007413484,0.6464621228675144,0.36457675482750856,0.7444551591128254,0.7347426324737578,0.724903474903475,0.0005
36,0.6896334008287671,0.6532396147083294,0.36393787494160973,0.7430086788813887,0.740710026509053,0.7084942084942085,0.0005
37,0.6895688878535765,0.6533567232359111,0.362121661580747,0.7495178399228544,0.7398045092936189,0.7133204633204633,0.0005
38,0.6796992368845264,0.6439724926663457,0.3572674268926696,0.7512054001928641,0.7345498185820561,0.7133204633204633,0.0005
39,0.6812381474813132,0.6454414265479967,0.35796721375896706,0.7418032786885246,0.7320214503059976,0.7152509652509652,0.0005
40,0.6615171639415774,0.6264896128423648,0.3502754788619458,0.7589199614271939,0.7264851725239552,0.7113899613899614,0.0005
41,0.6734752457305113,0.6383140805602189,0.35161169452400537,0.7543394406943105,0.7257374969228354,0.721042471042471,0.0005
42,0.6649525540314162,0.629771124891283,0.3518142708242227,0.7572324011571842,0.7179503456966297,0.722972972972973,0.0005
43,0.6669874091272529,0.6319856898304121,0.3500171951525696,0.7577145612343298,0.7355997629147238,0.7200772200772201,0.0005
44,0.6597079356473116,0.6248886671452536,0.3481927083566311,0.7526518804243009,0.7287761253739876,0.7171814671814671,0.0005
45,0.6467212570207903,0.6125972138766268,0.341240453743084,0.7615718418514947,0.7360764279328719,0.7104247104247104,0.0005
46,0.6441001341450985,0.6101779080747753,0.3392222555302148,0.7666345226615237,0.7232116071874111,0.7277992277992278,0.0005
47,0.6582435983930972,0.6237928246578117,0.3445077540789414,0.7569913211186113,0.7260239987299709,0.7152509652509652,0.0005
48,0.6576313475288789,0.6234923834511031,0.341389646697987,0.757473481195757,0.725280778288381,0.7239382239382239,0.0005
49,0.6306645786290919,0.5974009308313795,0.33263647487331377,0.7707328833172613,0.7135753353129943,0.722972972972973,0.0005
50,0.6401328247331493,0.6066485281275691,0.33484295496255473,0.7688042430086789,0.7214253770338522,0.7200772200772201,0.0005
51,0.6441958079917451,0.6102701262314961,0.3392567738042848,0.7581967213114754,0.7141261245753314,0.7181467181467182,0.0005
52,0.6314447637119311,0.598139446232335,0.3330531666915695,0.7765188042430087,0.7160708975607825,0.7287644787644788,0.0005
53,0.6378198329829894,0.6046952164391542,0.331246178888194,0.7688042430086789,0.7117864811742628,0.724903474903475,0.0005
54,0.6274268955365901,0.5943918081580616,0.33035084274718707,0.7733847637415622,0.7079814925617233,0.7403474903474904,0.0005
55,0.6263545078504741,0.5930896013429103,0.33264908605509347,0.7683220829315333,0.7034348316174216,0.7374517374517374,0.0005
56,0.6207521462394509,0.5882227346085537,0.3252941052732035,0.7729026036644165,0.7073435491116351,0.7364864864864865,0.0005
57,0.6163244363542003,0.5841167464550574,0.3220769431345028,0.7808582449373191,0.6992503756721968,0.7287644787644788,0.0005
58,0.6111637223996904,0.578847976061969,0.32315746895257624,0.7712150433944069,0.7027065238437137,0.7268339768339769,0.0005
59,0.6304605542866221,0.5979927477059507,0.32467803287184227,0.7663934426229508,0.690616664739189,0.7297297297297297,0.0005
60,0.6040733526159965,0.572072966866691,0.3200038217992424,0.7777242044358728,0.6922483985028212,0.7413127413127413,0.0005
61,0.5985163441619394,0.5671163124886405,0.3140003419658142,0.782304725168756,0.7110722785290604,0.7258687258687259,0.0005
62,0.6210303362907991,0.588650519443225,0.3237981724991978,0.7688042430086789,0.6985982078843135,0.7355212355212355,0.0005
63,0.5958098232343778,0.5643455014854181,0.3146432408256494,0.7772420443587271,0.6871843632583913,0.7480694980694981,0.0005
64,0.6047595158262445,0.573185057568803,0.31574455722663536,0.7791706846673095,0.6941873757995694,0.7403474903474904,0.0005
65,0.5989501084862933,0.5675791673283223,0.31370940037150735,0.7784474445515911,0.6951453651240433,0.7403474903474904,0.0005
66,0.6089046128460618,0.5772709031459106,0.3163371022894849,0.7765188042430087,0.7007120511706731,0.7355212355212355,0.0005
67,0.6052550137790212,0.5737040037129402,0.3155101065235634,0.7791706846673095,0.6981853370961075,0.7306949806949807,0.0005
68,0.5976633944529807,0.5662920055991774,0.3137139253239278,0.7871263259402121,0.6933452763152399,0.7422779922779923,0.0005
69,0.6034995996848597,0.5720918598722239,0.31407738249235234,0.7806171648987463,0.6886243638384757,0.7345559845559846,0.0005
70,0.6004501538083546,0.5692205067540779,0.31229648284305145,0.7774831243972999,0.6883403976451477,0.7374517374517374,0.0005
71,0.5945720622601597,0.563565887101246,0.3100617447492587,0.7832690453230472,0.6898084625774369,0.7374517374517374,0.0005
72,0.6003379064792608,0.569367827191992,0.3097008167835188,0.7789296046287367,0.6834595829363496,0.747104247104247,0.0005
73,0.5981366649025777,0.5669543709221548,0.31182291830747083,0.7741080038572806,0.6850848683519253,0.7374517374517374,0.0005
74,0.5720484205589,0.541629124170559,0.30419298561007907,0.7888138862102217,0.6769551312601244,0.7480694980694981,0.0005
75,0.5896886345735511,0.558873747790676,0.30814886449503004,0.7892960462873674,0.6896045601506031,0.7403474903474904,0.0005
76,0.5612406119661139,0.5316496040804981,0.2959100595435618,0.7974927675988428,0.6917150280650518,0.7461389961389961,0.0005
77,0.5933518448239238,0.5626454797924542,0.3070636493950479,0.7847155255544841,0.6918674088352895,0.7442084942084942,0.0005
78,0.5703487226105473,0.5406960166178881,0.2965270702151461,0.7914657666345226,0.6875284484454564,0.7403474903474904,0.0005
79,0.5756413005472034,0.545561032274535,0.30080270393605174,0.7917068466730954,0.6981723168181636,0.7403474903474904,0.0005
80,0.5747726954225174,0.5444672361461728,0.3030545910965856,0.787367405978785,0.6852829115731376,0.7461389961389961,0.0005
81,0.5802817306730074,0.5500960247151072,0.3018570727989322,0.7907425265188043,0.685263124902276,0.752895752895753,0.0005
82,0.5811768687449633,0.550851800172745,0.30325068486001244,0.7914657666345226,0.6901052479117994,0.7403474903474904,0.0005
83,0.5719986681538125,0.5421827429745674,0.29815925035550256,0.7917068466730954,0.6943473282007637,0.7422779922779923,0.0005
84,0.5661022836125116,0.5364538506463731,0.2964843537446503,0.7912246865959498,0.7071087498462338,0.7355212355212355,0.0005
85,0.5808653740666756,0.5504400108796307,0.3042536539419868,0.7820636451301832,0.6845380318671119,0.7413127413127413,0.0005
86,0.5587275662210661,0.5291922799991434,0.2953528683118903,0.79725168756027,0.6834380311395211,0.7393822393822393,0.0005
87,0.5583764656645352,0.5288390263756998,0.29537440357925576,0.7953230472516876,0.6899454179417672,0.747104247104247,0.0005
88,0.5579042420035503,0.5285981022173551,0.29306141090944854,0.7982160077145612,0.6898292917542476,0.7403474903474904,0.0005
89,0.5730850141901405,0.5432408814719926,0.29844133287179664,0.7883317261330762,0.6804579471068953,0.749034749034749,0.0005
90,0.5650820221425022,0.5353427667569516,0.29739255402793996,0.7839922854387656,0.6778142712291143,0.7538610038610039,0.0005
91,0.5549337229940218,0.5257031370381839,0.29230583363581764,0.7965284474445516,0.6759061479660535,0.7557915057915058,0.0005
92,0.5616142466994812,0.5322036291962075,0.29410617848141557,0.7945998071359691,0.6822974697963612,0.7442084942084942,0.0005
93,0.5455663303917376,0.5166083546418233,0.2895797814099745,0.7994214079074252,0.6837076791004785,0.7393822393822393,0.0005
94,0.5599494128700853,0.5309289627732743,0.2902045249364185,0.7943587270973963,0.6800454822746483,0.7393822393822393,0.0005
95,0.5488190765321083,0.5199483496818617,0.2887072756872113,0.803519768563163,0.6901650426470635,0.7413127413127413,0.0005
96,0.561373904735396,0.531538298384088,0.2983560500632372,0.7851976856316297,0.6780800260171927,0.7384169884169884,0.0005
97,0.5703066565606495,0.5408645569128608,0.2944209530820267,0.7885728061716489,0.6821677581223742,0.7422779922779923,0.0005
98,0.5535119520203932,0.5251413461902218,0.2837060653140253,0.799662487945998,0.6672424775292974,0.75,0.0005
99,0.5514318617698427,0.5225273726531372,0.28904489392599697,0.7909836065573771,0.6828934679160247,0.7413127413127413,0.0005
100,0.5459428319820673,0.5173642324389695,0.285785990430396,0.8056894889103182,0.6732255742816852,0.7451737451737451,0.0005
101,0.565825769675962,0.5364533992719512,0.29372369616562743,0.7902603664416586,0.6750262393454327,0.7355212355212355,0.0005
102,0.5373731438886005,0.5090944461215543,0.28278697065815056,0.805930568948891,0.663482381800427,0.7461389961389961,0.0005
103,0.5474050615769573,0.5186566193170464,0.28748443420965625,0.7948408871745419,0.6711505297068003,0.7519305019305019,0.0005
104,0.5496837996815761,0.5211570701465772,0.28526729879866686,0.8011089681774349,0.6825970827842771,0.7548262548262549,0.0005
105,0.5337277628416726,0.505449836256419,0.2827792748765752,0.8008678881388621,0.6733242708283502,0.7451737451737451,0.0005
106,0.5343207164003856,0.5060357641690952,0.2828495075985459,0.803519768563163,0.6626278334602886,0.7461389961389961,0.0005
107,0.5442060670144533,0.5157249262385796,0.2848114226455284,0.8032786885245902,0.6683827590298008,0.7451737451737451,0.0005
108,0.5279541935559754,0.5001202201544376,0.27833971211627456,0.8081002892960463,0.6656952656834282,0.7548262548262549,0.0005
109,0.5541764865041124,0.5256790566179999,0.28497429776904437,0.7948408871745419,0.6639422935408514,0.7461389961389961,0.0005
110,0.5250980698269152,0.49724971868722856,0.27848353961854455,0.8023143683702989,0.6672489663808963,0.7461389961389961,0.0005
111,0.5254836442845306,0.49755599057318045,0.27927654613754216,0.804725168756027,0.6572903852665286,0.7519305019305019,0.0005
112,0.5338487887221569,0.5060004874733398,0.2784830509409265,0.8093056894889104,0.6699471379339005,0.7480694980694981,0.0005
113,0.5336561846756085,0.5057231904570599,0.2793299421854856,0.8006268081002893,0.6643691560016175,0.7538610038610039,0.0005
114,0.5492923134433154,0.5210455419817219,0.282467688520941,0.8008678881388621,0.6715226769447327,0.747104247104247,0.0005
115,0.5298676400543294,0.5018942990091521,0.2797334209702399,0.8037608486017358,0.6669785175544415,0.7519305019305019,0.0005
116,0.5366446505747053,0.50905633685444,0.2758831374325656,0.8081002892960463,0.6709481526065517,0.7442084942084942,0.0005
117,0.5191310933263921,0.49154864109355667,0.2758245160632561,0.8136451301832208,0.6803265020654008,0.75,0.0005
118,0.5345812671554698,0.5068433275563048,0.27737939984267335,0.8020732883317261,0.6680434864000003,0.7586872586872587,0.0005
119,0.5280046106074562,0.5004568712690642,0.27547739188949305,0.8071359691417551,0.6590819582055434,0.752895752895753,0.0005
120,0.5193849299372449,0.49227464641646457,0.2711028422201151,0.81099324975892,0.675713041804472,0.7480694980694981,0.0005
121,0.5365124814995459,0.5083262966362007,0.2818618539789029,0.8030376084860174,0.6682672286585951,0.752895752895753,0.0005
122,0.525352849220011,0.4981209446632069,0.27231903890059794,0.81099324975892,0.6686835475409814,0.752895752895753,0.0005
123,0.5221258081143709,0.4947700897086207,0.2735571939437116,0.8146094503375121,0.6712223765472648,0.7577220077220077,0.0005
124,0.5232769245409344,0.4956193540169855,0.2765756837427329,0.804725168756027,0.6672275878747917,0.7596525096525096,0.0005
125,0.5158099015975297,0.4885317275126392,0.2727817300430489,0.813404050144648,0.6704415952837145,0.7557915057915058,0.0005
126,0.5126369720829602,0.48557680230246447,0.270601687286491,0.81099324975892,0.6693557010654317,0.7586872586872587,0.0005
127,0.5334231636218417,0.5059512685786792,0.2747189641688576,0.8083413693346191,0.6821723460690855,0.747104247104247,0.0005
128,0.5073530845265034,0.48053104582035205,0.2682203788421653,0.8184667309546769,0.6686238706342041,0.7625482625482626,0.0005
129,0.5132905156311212,0.4862597669217028,0.2703074765757172,0.8085824493731919,0.6659298964909145,0.7625482625482626,0.0005
130,0.5189036536124771,0.4919711524978093,0.26932501591734853,0.8167791706846673,0.6772387807893937,0.7586872586872587,0.0005
131,0.5358021849031733,0.5079605954132521,0.2784158765637426,0.8006268081002893,0.670048033178543,0.7557915057915058,0.0005
132,0.5093659048427611,0.4826825145585328,0.26683387525286256,0.8102700096432015,0.6528593870203467,0.7586872586872587,0.0005
133,0.5299751229778206,0.5026661535238232,0.2730896675253328,0.8030376084860174,0.6585559522783434,0.7635135135135135,0.0005
134,0.5231305722905217,0.49607128284246504,0.270592884939225,0.8083413693346191,0.6763258295629936,0.750965250965251,0.0005
135,0.5068949911035705,0.48010198813625105,0.26793001645326386,0.8167791706846673,0.6522610406157593,0.7664092664092664,0.0005
136,0.5144301183888169,0.4875599888504529,0.2687012946364275,0.812198649951784,0.6697279751070678,0.7596525096525096,0.0005
137,0.5155514397064768,0.488534513957935,0.2701692467945176,0.81099324975892,0.6642751857120558,0.7538610038610039,0.0005
138,0.5093064811098656,0.4824942526270132,0.268122312992725,0.8095467695274832,0.6737154153783349,0.7480694980694981,0.0005
139,0.5089670000391273,0.48219743187080355,0.2676956682333951,0.8213596914175506,0.6630416588433461,0.7548262548262549,0.0005
140,0.5130520875106782,0.48618534440129796,0.26866741695422447,0.8083413693346191,0.6700797957803292,0.7654440154440154,0.0005
141,0.5085173838968562,0.48186475946680213,0.26652622734454234,0.8129218900675024,0.6533469981208271,0.7683397683397684,0.0005
142,0.5201488517461885,0.4930639555219744,0.2708489721858283,0.81099324975892,0.6544490649893477,0.7625482625482626,0.0005
143,0.4978790089502399,0.4715266140930448,0.26352395552678415,0.8148505303760849,0.676677992905429,0.7635135135135135,0.0005
144,0.5080014794863753,0.48108421238776916,0.26917268087227064,0.8136451301832208,0.6546404555037215,0.7615830115830116,0.0005
145,0.5002366628860668,0.4739388513128231,0.26297812768785334,0.8189488910318226,0.658006713197038,0.7596525096525096,0.0005
146,0.524980017741138,0.4977699472221367,0.27210071605334746,0.812198649951784,0.6646115777575371,0.752895752895753,0.0005
147,0.5202664956809699,0.4933673746043254,0.26899121961805145,0.8155737704918032,0.6514074793193331,0.7673745173745173,0.0005
148,0.5154321127020635,0.4888903880303253,0.2654172595924444,0.8184667309546769,0.6667090465663483,0.7635135135135135,0.0005
149,0.5095977494951154,0.4830679236520567,0.26529829337718747,0.8117164898746384,0.6550789652643977,0.7596525096525096,0.0005
150,0.505390327829749,0.47915910226054914,0.2623122615547511,0.8146094503375121,0.6726164256283675,0.7557915057915058,0.0005
151,0.4913731556504304,0.4653669995190208,0.26006155504899864,0.8189488910318226,0.6660043394703663,0.7577220077220077,0.0005
152,0.5018682781617689,0.4755229506796098,0.26345328309841765,0.8138862102217936,0.6705715640171154,0.7596525096525096,0.0005
153,0.4993133464452731,0.4729455506560198,0.2636779665142269,0.8155737704918032,0.6757514046425985,0.7625482625482626,0.0005
154,0.49741603625200065,0.47128276246722894,0.26133272893863335,0.8175024108003858,0.6596939828405048,0.7567567567567568,0.0005
155,0.5084750208008599,0.4821833909535017,0.2629162988184503,0.820877531340405,0.6665806040800676,0.7577220077220077,0.0005
156,0.5022057699777811,0.47608293557006115,0.2612283551129679,0.8228061716489875,0.6565297305814087,0.7557915057915058,0.0005
157,0.5014375463171198,0.4754148408440063,0.26022705283436276,0.819672131147541,0.6494959486957682,0.7596525096525096,0.0005
158,0.48878935637561427,0.46322509172222537,0.25564263590046615,0.8235294117647058,0.660061936350863,0.7577220077220077,0.0005
159,0.4859436267022342,0.4600728607108761,0.25870763652005097,0.8293153326904532,0.6573628497860147,0.7577220077220077,0.0005
160,0.4992712009608343,0.4734096383404709,0.25861562304234664,0.8179845708775313,0.6575492671097568,0.7596525096525096,0.0005
161,0.5024175997410354,0.47650487639060246,0.25912725856472,0.819672131147541,0.6521272799683354,0.7615830115830116,0.0005
162,0.49860404519473805,0.47267435963841276,0.2592968738987223,0.8162970106075217,0.6534528417016549,0.7548262548262549,0.0005
163,0.5029426734955584,0.47658538697655656,0.26357289484864604,0.8061716489874639,0.6475980192077666,0.7654440154440154,0.0005
164,0.49315883896045076,0.467289035408798,0.2586980427012724,0.8175024108003858,0.6599845262567969,0.7615830115830116,0.0005
165,0.504595928246168,0.47843868118013,0.26157248980054054,0.813404050144648,0.6537100615188421,0.7683397683397684,0.0005
166,0.49434037936228103,0.46833497469772367,0.26005406802737496,0.819672131147541,0.6686760207861087,0.7586872586872587,0.0005
167,0.4757343701077059,0.45062192696844483,0.25112441685068687,0.8307618129218901,0.6501629766810355,0.7606177606177607,0.0005
168,0.49395191568877683,0.46836660145678655,0.2558531533556711,0.8206364513018322,0.6483955689378686,0.7664092664092664,0.0005
169,0.47838376998441545,0.4532011033771353,0.25182664216196987,0.8273866923818708,0.6743599558428908,0.7606177606177607,0.0005
170,0.4841373536947723,0.45869254129027215,0.25444814554175854,0.8211186113789778,0.6604312945977141,0.7625482625482626,0.0005
171,0.48894261112553405,0.4633626661972002,0.2557994798041356,0.8179845708775313,0.6456829113849802,0.7693050193050193,0.0005
172,0.4916968757184285,0.4660616642368909,0.2563521409678482,0.8213596914175506,0.6474982516185658,0.7567567567567568,0.0005
173,0.4921598757186989,0.4663637627631052,0.2579611194398157,0.8160559305689489,0.6647460034915379,0.7664092664092664,0.0005
174,0.5072609846019469,0.48113928880388046,0.26121695487685465,0.8146094503375121,0.6665926218953372,0.7557915057915058,0.0005
175,0.48445422210251926,0.45923368648599866,0.2522053206438269,0.8225650916104147,0.644328502384392,0.7683397683397684,0.0005
176,0.487125973031284,0.4615693866286926,0.25556587103822537,0.8252169720347156,0.6514927905959051,0.7635135135135135,0.0005
177,0.49012307326956905,0.4646192519793515,0.25503818749691737,0.8285920925747348,0.6524830543396556,0.7654440154440154,0.0005
178,0.4815656573528724,0.456383248448027,0.2518240901405349,0.8244937319189971,0.650761199273658,0.7567567567567568,0.0005
179,0.4811783940490899,0.4562173811655955,0.24961013475517413,0.8269045323047252,0.653085404841596,0.7635135135135135,0.0005
180,0.4898897562617851,0.4642427164770253,0.2564703690511396,0.8155737704918032,0.657052523611135,0.7606177606177607,0.0005
181,0.4854941289645612,0.4601712653354141,0.25322865267268946,0.820877531340405,0.6565791126844045,0.7664092664092664,0.0005
182,0.48781129048208605,0.4626623573735457,0.25148932798159385,0.8203953712632595,0.6526697393089648,0.7654440154440154,0.0005
183,0.46799199615058235,0.44307392053916805,0.24918075628657696,0.8281099324975892,0.6448391006259845,0.7673745173745173,0.0005
184,0.47446189552056983,0.4491289519527954,0.25332942906777906,0.8297974927675988,0.645328312076657,0.7673745173745173,0.0005
185,0.4627096696667869,0.4382594916089406,0.24450176712861976,0.8302796528447445,0.6569810905511775,0.7596525096525096,0.0005
186,0.4809898770878607,0.4561120175119766,0.24877856552543381,0.8276277724204436,0.6440746185862419,0.7664092664092664,0.0005
187,0.4657373274303793,0.44093235312685325,0.24804973768981006,0.8300385728061717,0.6595246016288816,0.7577220077220077,0.0005
188,0.473714782135236,0.4490871668264284,0.24627614998426595,0.834619093539055,0.6332921355847686,0.7702702702702703,0.0005
189,0.4639742677329016,0.4395115581289897,0.24462709845319433,0.8307618129218901,0.6435993803974284,0.7693050193050193,0.0005
190,0.47329086022183886,0.4484328570683184,0.24858004699677602,0.8278688524590164,0.6455807927492503,0.7712355212355212,0.0005
191,0.48365334584489966,0.4586216536069445,0.2503169200804332,0.8249758919961427,0.6394348735975023,0.7799227799227799,0.0005
192,0.479426623913913,0.4545290946902971,0.24897529608718225,0.8288331726133076,0.6450943145972882,0.7731660231660231,0.0005
193,0.4731176251558122,0.4483160072777747,0.24801617602143247,0.8254580520732884,0.6434573059376603,0.7702702702702703,0.0005
194,0.45267651677706433,0.4285533533089416,0.24123163272697648,0.8377531340405014,0.6546055690662281,0.7654440154440154,0.0005
195,0.48372560909077195,0.45870540140909766,0.25020206842496057,0.8249758919961427,0.6452568711921515,0.775096525096525,0.0005
196,0.4838799642275017,0.45882793212005923,0.2505203501007941,0.8225650916104147,0.6436164901523517,0.7722007722007722,0.0005
197,0.47245394398989077,0.44751794367540076,0.24936000774313652,0.8211186113789778,0.6537105309917199,0.7673745173745173,0.0005
198,0.4821580648422241,0.4571745779613175,0.24983484604779413,0.8184667309546769,0.6484285024602441,0.7586872586872587,0.0005
199,0.47362959655064624,0.44876094140909906,0.24868655526649527,0.8247348119575699,0.6431744980075644,0.7664092664092664,0.0005
200,0.4778734829524674,0.45304310594828173,0.24830377561721875,0.8244937319189971,0.6500303908664747,0.7693050193050193,0.0005
201,0.45808891180396194,0.4340859407859,0.2400297221360349,0.835824493731919,0.6638248123257317,0.7702702702702703,0.0005
202,0.45872013203318346,0.43442912869651157,0.24291003376906495,0.8365477338476374,0.6564670621658384,0.7673745173745173,0.0005
203,0.46334432256601127,0.43900965764874317,0.24334665325361599,0.8360655737704918,0.6483223705218105,0.7654440154440154,0.0005
204,0.47285592515765185,0.4480261310087221,0.24829797269983025,0.8244937319189971,0.6471497490139081,0.7693050193050193,0.0005
205,0.4535025407631119,0.429455809589752,0.24046730748022993,0.8314850530376084,0.6646727422489623,0.7625482625482626,0.0005
206,0.4444792164326174,0.42074824313533454,0.23730975423967368,0.8404050144648023,0.6803938852313863,0.7654440154440154,0.0005
207,0.4553808747802429,0.4313054679387331,0.24075407910599889,0.8322082931533269,0.6491381525993347,0.7664092664092664,0.0005
208,0.4392204059929144,0.4159017460153096,0.233186600063438,0.8425747348119575,0.6722725963500475,0.7567567567567568,0.0005
209,0.45235743334116335,0.4284908807151228,0.23866550976423082,0.8322082931533269,0.6594135694522195,0.7606177606177607,0.0005
210,0.4729282581242899,0.4484663554534618,0.24461905866602693,0.829556412729026,0.6565296636124835,0.7712355212355212,0.0005
211,0.4753473716336253,0.45120266531104636,0.2414470650650841,0.8348601735776278,0.6401443011972435,0.7664092664092664,0.0005
212,0.47129067008382675,0.4464587228679841,0.24831945434025882,0.820877531340405,0.6523347618957284,0.7615830115830116,0.0005
213,0.4592605984716774,0.4350859366766857,0.24174661076517207,0.8343780135004821,0.6482360300870476,0.7635135135135135,0.0005
214,0.45774567414617584,0.4339763745162618,0.2376929690545872,0.8389585342333655,0.6522046661284899,0.7577220077220077,0.0005
215,0.47128230801773624,0.44683056569720186,0.2445174149285172,0.8305207328833173,0.6468013605555972,0.7712355212355212,0.0005
216,0.44711634344282125,0.4231648358625064,0.23951506994039595,0.8324493731918997,0.6350726112435683,0.7654440154440154,0.0005
217,0.46999989011708426,0.4456291323170253,0.24370758644985027,0.8293153326904532,0.649280413927719,0.7664092664092664,0.0005
218,0.45000402636560205,0.4262790108600716,0.23725014689343416,0.8375120540019286,0.6469764785416798,0.7644787644787645,0.0005
219,0.4526479556337502,0.42911588910000764,0.23532067292451628,0.8387174541947927,0.6569839198156674,0.7635135135135135,0.0005
220,0.46373768764383655,0.4396505601553241,0.24087127747163248,0.8307618129218901,0.644583836715654,0.7596525096525096,0.0005
221,0.4498420532149772,0.4262801114193154,0.23561940094314177,0.8377531340405014,0.6485736353977306,0.7644787644787645,0.0005
222,0.44622852102195054,0.4228929949128639,0.23335525609028374,0.8379942140790743,0.6434777411254676,0.7635135135135135,0.0005
223,0.43511962623352485,0.41198456152310825,0.23135065227718224,0.8425747348119575,0.6488592633869658,0.7625482625482626,0.0005
224,0.4616708432754417,0.4376460458928847,0.24024796497396472,0.835824493731919,0.6621757296981959,0.7625482625482626,0.0005
225,0.4549705402255633,0.43138107163122097,0.23589468996688048,0.8329315332690453,0.6477056562210142,0.7644787644787645,0.0005
226,0.45643104272270385,0.43252536117053425,0.23905678994400406,0.8322082931533269,0.6671175811741803,0.7586872586872587,0.0005
227,0.445482587055622,0.42199306797843317,0.2348951900246748,0.8391996142719382,0.6666215497094232,0.7615830115830116,0.0005
228,0.46200588595556774,0.4380732153685137,0.2393267009274364,0.8355834136933462,0.6488369652663418,0.7644787644787645,0.0005
229,0.4502024165747136,0.42663667873338423,0.23565736266433215,0.834619093539055,0.6663362758960503,0.7635135135135135,0.0005
230,0.44662887978806676,0.4233402859854261,0.23288593986570089,0.8322082931533269,0.6543691031721107,0.7625482625482626,0.0005
231,0.4652342977956038,0.44100492422468063,0.24229371030397331,0.8288331726133076,0.6549353581137639,0.7664092664092664,0.0005
232,0.4466573975929989,0.4231345236818724,0.23522875486022596,0.8348601735776278,0.6590863818367476,0.7664092664092664,0.0005
233,0.4532352370661733,0.42969504424093313,0.23540191618202969,0.8338958534233365,0.6490540283527153,0.7586872586872587,0.0005
234,0.4465021965818672,0.4229028192182631,0.23599376185305898,0.839440694310511,0.6592467779358382,0.7644787644787645,0.0005
235,0.4557770067033795,0.4318472525767673,0.23929755103737546,0.829556412729026,0.6538108920958972,0.7664092664092664,0.0005
236,0.44041112605608074,0.41734605444201855,0.23065072867081735,0.8384763741562199,0.660815222152872,0.7664092664092664,0.0005
237,0.45699536636572335,0.4334151950326237,0.23580170172044834,0.8336547733847638,0.6407576065265994,0.7741312741312741,0.0005
238,0.46435449533200424,0.4405821257467555,0.23772371269352985,0.8343780135004821,0.6528803011165162,0.7644787644787645,0.0005
239,0.45591774970839083,0.43205893568500603,0.23858813046259497,0.8297974927675988,0.6451253189083231,0.7731660231660231,0.0005
240,0.4321599816517292,0.40912031006560146,0.2303967054002885,0.8396817743490839,0.6637916709925678,0.7712355212355212,0.0005
241,0.4335153237660573,0.410601560554486,0.22913763361013958,0.8418514946962391,0.660349426812647,0.7731660231660231,0.0005
