epoch,train_loss,train_acc,train_kappa,train_macro_f1,val_loss,val_acc,val_kappa,val_macro_f1,lr
1,1.4379434314354387,0.21164021164021163,-0.055945104803329704,0.20634989116895086,1.3904304504394531,0.2708333333333333,0.037800687285223344,0.262237480987481,0.0005
2,1.3511088216115559,0.291005291005291,0.048645805942676756,0.2826207418312682,1.3754749298095703,0.25,0.0074669730040205495,0.2460127591706539,0.0005
3,1.345913814489173,0.3439153439153439,0.120402341990692,0.3239940230774105,1.3670663833618164,0.2708333333333333,0.03503733486502014,0.2662494510320597,0.0005
4,1.3114346410862352,0.4126984126984127,0.2119083395942899,0.38113851720903136,1.360036849975586,0.3333333333333333,0.1167337550316273,0.340490155006284,0.0005
5,1.2690397564065519,0.47619047619047616,0.2981883650275683,0.4673003819826962,1.3542588949203491,0.3125,0.0870317002881843,0.3175435675435675,0.0005
6,1.2273015275834098,0.4973544973544973,0.32431415346404247,0.47004862953138815,1.3488987684249878,0.3333333333333333,0.11367570686670503,0.3348432601880878,0.0005
7,1.2051567356422466,0.5873015873015873,0.4452889825406381,0.5651552075718987,1.3440088033676147,0.3958333333333333,0.19676860934795148,0.3987498009237139,0.0005
8,1.164076630400602,0.6084656084656085,0.47442786817481497,0.5902209720201934,1.3387397527694702,0.4166666666666667,0.22401847575057732,0.416783988957902,0.0005
9,1.1391680234323733,0.6402116402116402,0.5176942995459151,0.6204722114002446,1.3336435556411743,0.4166666666666667,0.2253602305475505,0.42005096352922444,0.0005
10,1.110848276703446,0.671957671957672,0.5591919647895272,0.6532520068927836,1.328222632408142,0.4375,0.2534562211981568,0.4406611906611907,0.0005
11,1.0866190674443725,0.671957671957672,0.5605475342208888,0.6664747789904046,1.3225563764572144,0.4583333333333333,0.2815198618307426,0.46376811594202894,0.0005
12,1.0286997569301142,0.7513227513227513,0.6667667029298121,0.743741344688187,1.316796064376831,0.4583333333333333,0.28069164265129676,0.4616637388376519,0.0005
13,1.0058479318543085,0.7301587301587301,0.63801261829653,0.7294292717086834,1.3104575872421265,0.4583333333333333,0.28069164265129687,0.4647797854319593,0.0005
14,0.9829894222279705,0.7301587301587301,0.6385420182247721,0.7245512825365106,1.30404531955719,0.4791666666666667,0.3075591459896133,0.4812131346913956,0.0005
15,0.928095454576785,0.8042328042328042,0.7377264373851404,0.8015940464653284,1.297375202178955,0.5208333333333334,0.36368876080691637,0.5227547211242863,0.0005
16,0.9288544213330304,0.746031746031746,0.6607710428897281,0.7463980072131549,1.2908344268798828,0.5208333333333334,0.36368876080691637,0.5227547211242863,0.0005
17,0.8588641166056274,0.783068783068783,0.7098947998951743,0.7808172219936926,1.283713459968567,0.5208333333333334,0.3625866050808314,0.5225815850815851,0.0005
18,0.8434108770082868,0.8359788359788359,0.7804878048780488,0.8333214164646496,1.2763384580612183,0.5208333333333334,0.3625866050808314,0.5225815850815851,0.0005
19,0.8446728243398919,0.8359788359788359,0.7806110986295214,0.8360096153846154,1.2688010931015015,0.5208333333333334,0.3625866050808314,0.5225815850815851,0.0005
20,0.7968510272641661,0.8465608465608465,0.794911131898971,0.8432997346363236,1.262068271636963,0.5208333333333334,0.3625866050808314,0.5225815850815851,0.0005
21,0.7575030093470578,0.8835978835978836,0.8443396226415094,0.8818165727829593,1.255399227142334,0.5208333333333334,0.3633217993079585,0.5214280486019616,0.0005
22,0.7537456508036013,0.8253968253968254,0.7666317443687795,0.8219897959183673,1.248236060142517,0.5208333333333334,0.3625866050808313,0.5226900584795322,0.0005
23,0.7027312324791358,0.8571428571428571,0.8090694803008194,0.8549707389469596,1.2404931783676147,0.5208333333333334,0.3625866050808313,0.5226900584795322,0.0005
24,0.7059135560005431,0.8571428571428571,0.8090837666953496,0.8554695236680532,1.2323397397994995,0.5416666666666666,0.38994800693240905,0.5408097165991903,0.0005
25,0.6860447040310612,0.8306878306878307,0.7739318954883565,0.8294778138528139,1.2243870496749878,0.5625,0.418013856812933,0.5623646723646725,0.0005
26,0.6457431215457815,0.8624338624338624,0.8161616161616161,0.8623687351993107,1.2164844274520874,0.5625,0.418013856812933,0.5623646723646725,0.0005
27,0.6500749219031561,0.873015873015873,0.8304552590266876,0.8727817539099619,1.2092041969299316,0.5833333333333334,0.44572748267898377,0.5875243664717349,0.0005
28,0.6019912724772458,0.8835978835978836,0.8443046506403056,0.8802899197482773,1.202349066734314,0.5833333333333334,0.44636678200692037,0.5916666666666668,0.0005
29,0.5790666991440707,0.8677248677248677,0.8232719928186715,0.866434984768318,1.1961716413497925,0.5833333333333334,0.44636678200692037,0.589294670846395,0.0005
30,0.5721990469271544,0.873015873015873,0.8305249392863815,0.8712896143305807,1.1891688108444214,0.5625,0.4186851211072664,0.5662605539335595,0.0005
31,0.5463360033968769,0.9047619047619048,0.8728319377990431,0.9033500417710943,1.1821049451828003,0.5625,0.4186851211072664,0.5662605539335595,0.0005
32,0.528967343467884,0.8994708994708994,0.865691738040917,0.8980924769306199,1.1751950979232788,0.6041666666666666,0.4728323699421966,0.6031443342656158,0.0005
33,0.5032883597114098,0.8994708994708994,0.8656515395263571,0.8977574303075556,1.1683028936386108,0.5625,0.41834968263127525,0.5633082888073814,0.0005
34,0.4966951942948437,0.9259259259259259,0.9010508208369171,0.9249686575786972,1.16050386428833,0.5625,0.41834968263127525,0.5633082888073814,0.0005
35,0.4593707715708112,0.9523809523809523,0.9363612555651165,0.9518788786558393,1.1527985334396362,0.5625,0.4170040485829959,0.5618750158223842,0.0005
36,0.47840706176227993,0.9153439153439153,0.887020847343645,0.9153488145007641,1.145279049873352,0.5625,0.4170040485829959,0.5618750158223842,0.0005
37,0.42212073497040564,0.9576719576719577,0.9434787484580016,0.956622183297122,1.138748049736023,0.5625,0.4170040485829959,0.5618750158223842,0.0005
38,0.4469601947163779,0.9206349206349206,0.893979057591623,0.9190529636317919,1.132074236869812,0.5625,0.4170040485829959,0.5618750158223842,0.0005
39,0.41834402699319145,0.9523809523809523,0.936389813395161,0.9514476374127999,1.1260349750518799,0.5625,0.4170040485829959,0.5618750158223842,0.0005
40,0.42076847288343644,0.9312169312169312,0.9081804252774768,0.930782635634899,1.1212334632873535,0.5625,0.4173410404624278,0.56265664160401,0.0005
41,0.41838695227153716,0.9206349206349206,0.8940503774572091,0.9204183653659483,1.1166232824325562,0.5625,0.4173410404624278,0.56265664160401,0.0005
42,0.3664366156651229,0.9576719576719577,0.9434512678584785,0.9563455341033736,1.112359642982483,0.5416666666666666,0.38994800693240905,0.5393404488232074,0.0005
43,0.39756028866641735,0.9312169312169312,0.9081357960068795,0.9319536479250334,1.1080741882324219,0.5416666666666666,0.38994800693240905,0.5393404488232074,0.0005
44,0.35315699252502,0.9576719576719577,0.9435125340904845,0.9570962163285995,1.104690670967102,0.5416666666666666,0.38994800693240905,0.5393404488232074,0.0005
45,0.3571790855712992,0.9417989417989417,0.9222890890741225,0.9402911451188083,1.0995625257492065,0.5416666666666666,0.38994800693240905,0.5393404488232074,0.0005
46,0.3637705724390726,0.9576719576719577,0.9435125340904845,0.9570962163285995,1.0948415994644165,0.5208333333333334,0.36184971098265906,0.5125567468366657,0.0005
47,0.33594954092666585,0.9576719576719577,0.9434787484580016,0.9567717030061669,1.0896626710891724,0.5416666666666666,0.38994800693240905,0.5393404488232074,0.0005
48,0.32024173998328115,0.9576719576719577,0.9434998692126602,0.9572973399886271,1.0853852033615112,0.5416666666666666,0.38994800693240905,0.5393404488232074,0.0005
49,0.3060079246917099,0.9682539682539683,0.9576027218005758,0.9681845156320377,1.0811158418655396,0.5416666666666666,0.38994800693240905,0.5393404488232074,0.0005
50,0.30228413381273783,0.9576719576719577,0.9434068196279523,0.9568474203547198,1.07698655128479,0.5416666666666666,0.38994800693240905,0.5393404488232074,0.0005
51,0.30836523572603863,0.9682539682539683,0.9576090613435012,0.9679870417085891,1.0712052583694458,0.5416666666666666,0.38994800693240905,0.5393404488232074,0.0005
52,0.3088919378462292,0.9629629629629629,0.9505605381165919,0.9623001313927633,1.0625653266906738,0.5416666666666666,0.38994800693240905,0.5393404488232074,0.0005
53,0.3127849456809816,0.9470899470899471,0.9293140848230982,0.947440064163647,1.0558820962905884,0.5416666666666666,0.38994800693240905,0.5393404488232074,0.0005
54,0.2581121752817164,0.9682539682539683,0.9576375658410848,0.9678587330400873,1.0507802963256836,0.5416666666666666,0.38994800693240905,0.5393404488232074,0.0005
55,0.24856776282900855,0.9788359788359788,0.971736204576043,0.9791565768329968,1.0468478202819824,0.5416666666666666,0.38994800693240905,0.5393404488232074,0.0005
56,0.26851739549132253,0.9735449735449735,0.964675538277512,0.9737372448979592,1.0439677238464355,0.5416666666666666,0.38994800693240905,0.5393404488232074,0.0005
57,0.27574299465096186,0.9788359788359788,0.9717309202408106,0.9782812713738083,1.0433002710342407,0.5416666666666666,0.38994800693240905,0.5393404488232074,0.0005
58,0.25210177772259584,0.9629629629629629,0.9505753138075314,0.9621499762695775,1.0411468744277954,0.5416666666666666,0.38994800693240905,0.5393404488232074,0.0005
59,0.2549901294014441,0.9682539682539683,0.9576201509828837,0.9683408100082138,1.0363332033157349,0.5416666666666666,0.38994800693240905,0.5393404488232074,0.0005
60,0.23656482221903624,0.9735449735449735,0.9646596858638743,0.9728989156638265,1.0328593254089355,0.5416666666666666,0.38994800693240905,0.5393404488232074,0.0005
61,0.22564180542236914,1.0,1.0,1.0,1.028701901435852,0.5416666666666666,0.38994800693240905,0.5393404488232074,0.0005
62,0.21789907407823694,0.9894179894179894,0.9858665171060012,0.9893580651072187,1.0252585411071777,0.5416666666666666,0.38994800693240905,0.5393404488232074,0.0005
63,0.22182253696931103,0.9629629629629629,0.9505198593761688,0.9617073170731707,1.0224595069885254,0.5416666666666666,0.38994800693240905,0.5393404488232074,0.0005
64,0.20400058206111665,0.9841269841269841,0.9788053229665071,0.9839455782312925,1.019295573234558,0.5416666666666666,0.38994800693240905,0.5393404488232074,0.0005
65,0.19935222790039406,0.9841269841269841,0.9788116591928251,0.9835491772466562,1.019136905670166,0.5416666666666666,0.38994800693240905,0.5393404488232074,0.0005
66,0.21077221529509024,0.9629629629629629,0.9505457535885168,0.9627250142171802,1.0196772813796997,0.5416666666666666,0.38994800693240905,0.5393404488232074,0.0005
67,0.19001400297280974,0.9894179894179894,0.9858739115811502,0.9893767395315384,1.013831615447998,0.5416666666666666,0.38994800693240905,0.5393404488232074,0.0005
68,0.1807327297314134,1.0,1.0,1.0,1.0123132467269897,0.5416666666666666,0.38994800693240905,0.5393404488232074,0.0005
69,0.18452058117541056,0.9894179894179894,0.9858707434680223,0.988997113997114,1.011232852935791,0.5625,0.4176776429809359,0.5642986777288048,0.0005
70,0.17041251000273164,0.9894179894179894,0.9858665171060012,0.9894626992819764,1.0090864896774292,0.5625,0.4176776429809359,0.5642986777288048,0.0005
71,0.16748327008946232,0.9841269841269841,0.978806907378336,0.9839455782312925,1.009561538696289,0.5625,0.4176776429809359,0.5642986777288048,0.0005
72,0.16082163872542204,1.0,1.0,1.0,1.009157657623291,0.5625,0.4176776429809359,0.5642986777288048,0.0005
73,0.1818561713216166,0.9894179894179894,0.9858702153110048,0.9890476190476191,1.0096060037612915,0.5416666666666666,0.38994800693240905,0.5393404488232074,0.0005
74,0.1507733204850444,0.9947089947089947,0.9929329943164822,0.9945127042824764,1.0102311372756958,0.5625,0.4173410404624278,0.56265664160401,0.0005
75,0.1516139509658965,0.9894179894179894,0.9858744394618834,0.9894315301878327,1.008234977722168,0.5625,0.4173410404624278,0.56265664160401,0.0005
76,0.16564078337301022,0.9947089947089947,0.9929329943164822,0.9945127042824764,1.0019437074661255,0.5625,0.4173410404624278,0.56265664160401,0.0005
77,0.14405058261263307,0.9947089947089947,0.9929329943164822,0.9945127042824764,0.9996480941772461,0.5625,0.4170040485829959,0.5618750158223842,0.0005
78,0.15029979154231057,0.9947089947089947,0.9929369557905752,0.9944815039417829,1.0019292831420898,0.5833333333333334,0.4447657605552342,0.5843915343915345,0.0005
79,0.15087318199652214,0.9894179894179894,0.98586704553952,0.9894626992819764,1.0011348724365234,0.5833333333333334,0.4447657605552342,0.5843915343915345,0.0005
80,0.13248908850881788,0.9947089947089947,0.9929332585530005,0.9944626992819764,0.9981921315193176,0.5833333333333334,0.4447657605552342,0.5843915343915345,0.0005
81,0.14645063735189892,0.9788359788359788,0.9717383177570094,0.9788882567096667,0.995144784450531,0.5833333333333334,0.4447657605552342,0.5843915343915345,0.0005
82,0.13016954072253414,0.9947089947089947,0.9929372197309417,0.9945335710041593,0.9942777752876282,0.5833333333333334,0.4447657605552342,0.5843915343915345,0.0005
