subject_id,class_label,split,num_trials
A01,1,train,86
A01,1,validation,29
A01,1,test,29
A01,2,train,86
A01,2,validation,29
A01,2,test,29
A01,3,train,86
A01,3,validation,29
A01,3,test,29
A01,4,train,86
A01,4,validation,29
A01,4,test,29
A02,1,train,86
A02,1,validation,29
A02,1,test,29
A02,2,train,86
A02,2,validation,29
A02,2,test,29
A02,3,train,86
A02,3,validation,29
A02,3,test,29
A02,4,train,86
A02,4,validation,29
A02,4,test,29
A03,1,train,86
A03,1,validation,29
A03,1,test,29
A03,2,train,86
A03,2,validation,29
A03,2,test,29
A03,3,train,86
A03,3,validation,29
A03,3,test,29
A03,4,train,86
A03,4,validation,29
A03,4,test,29
A04,1,train,86
A04,1,validation,29
A04,1,test,29
A04,2,train,86
A04,2,validation,29
A04,2,test,29
A04,3,train,86
A04,3,validation,29
A04,3,test,29
A04,4,train,86
A04,4,validation,29
A04,4,test,29
A05,1,train,86
A05,1,validation,29
A05,1,test,29
A05,2,train,86
A05,2,validation,29
A05,2,test,29
A05,3,train,86
A05,3,validation,29
A05,3,test,29
A05,4,train,86
A05,4,validation,29
A05,4,test,29
A06,1,train,86
A06,1,validation,29
A06,1,test,29
A06,2,train,86
A06,2,validation,29
A06,2,test,29
A06,3,train,86
A06,3,validation,29
A06,3,test,29
A06,4,train,86
A06,4,validation,29
A06,4,test,29
A07,1,train,86
A07,1,validation,29
A07,1,test,29
A07,2,train,86
A07,2,validation,29
A07,2,test,29
A07,3,train,86
A07,3,validation,29
A07,3,test,29
A07,4,train,86
A07,4,validation,29
A07,4,test,29
A08,1,train,86
A08,1,validation,29
A08,1,test,29
A08,2,train,86
A08,2,validation,29
A08,2,test,29
A08,3,train,86
A08,3,validation,29
A08,3,test,29
A08,4,train,86
A08,4,validation,29
A08,4,test,29
A09,1,train,86
A09,1,validation,29
A09,1,test,29
A09,2,train,86
A09,2,validation,29
A09,2,test,29
A09,3,train,86
A09,3,validation,29
A09,3,test,29
A09,4,train,86
A09,4,validation,29
A09,4,test,29
