model_name,class_id,class_name,channel_index,channel_name,class_base_accuracy,permuted_accuracy,importance
baseline,0,left_hand,0,Fz,0.95,0.85,0.09999999999999998
baseline,0,left_hand,1,FC3,0.95,0.85,0.09999999999999998
baseline,0,left_hand,2,FC1,0.95,0.95,0.0
baseline,0,left_hand,3,FCz,0.95,0.95,0.0
baseline,0,left_hand,4,FC2,0.95,1.0,-0.050000000000000044
baseline,0,left_hand,5,FC4,0.95,0.75,0.19999999999999996
baseline,0,left_hand,6,C5,0.95,1.0,-0.050000000000000044
baseline,0,left_hand,7,C3,0.95,0.9,0.04999999999999993
baseline,0,left_hand,8,C1,0.95,0.95,0.0
baseline,0,left_hand,9,Cz,0.95,0.75,0.19999999999999996
baseline,0,left_hand,10,C2,0.95,0.9,0.04999999999999993
baseline,0,left_hand,11,C4,0.95,0.95,0.0
baseline,0,left_hand,12,C6,0.95,0.8,0.1499999999999999
baseline,0,left_hand,13,CP3,0.95,1.0,-0.050000000000000044
baseline,0,left_hand,14,CP1,0.95,1.0,-0.050000000000000044
baseline,0,left_hand,15,CPz,0.95,1.0,-0.050000000000000044
baseline,0,left_hand,16,CP2,0.95,0.5,0.44999999999999996
baseline,0,left_hand,17,CP4,0.95,0.45,0.49999999999999994
baseline,0,left_hand,18,P1,0.95,0.8,0.1499999999999999
baseline,0,left_hand,19,Pz,0.95,0.4,0.5499999999999999
baseline,0,left_hand,20,P2,0.95,0.85,0.09999999999999998
baseline,0,left_hand,21,POz,0.95,0.8,0.1499999999999999
baseline,1,right_hand,0,Fz,0.8181818181818182,0.5909090909090909,0.2272727272727273
baseline,1,right_hand,1,FC3,0.8181818181818182,0.7727272727272727,0.045454545454545525
baseline,1,right_hand,2,FC1,0.8181818181818182,0.5909090909090909,0.2272727272727273
baseline,1,right_hand,3,FCz,0.8181818181818182,0.6818181818181818,0.13636363636363646
baseline,1,right_hand,4,FC2,0.8181818181818182,0.6818181818181818,0.13636363636363646
baseline,1,right_hand,5,FC4,0.8181818181818182,0.8181818181818182,0.0
baseline,1,right_hand,6,C5,0.8181818181818182,0.6818181818181818,0.13636363636363646
baseline,1,right_hand,7,C3,0.8181818181818182,0.8636363636363636,-0.045454545454545414
baseline,1,right_hand,8,C1,0.8181818181818182,0.6818181818181818,0.13636363636363646
baseline,1,right_hand,9,Cz,0.8181818181818182,0.5,0.31818181818181823
baseline,1,right_hand,10,C2,0.8181818181818182,0.5909090909090909,0.2272727272727273
baseline,1,right_hand,11,C4,0.8181818181818182,0.5909090909090909,0.2272727272727273
baseline,1,right_hand,12,C6,0.8181818181818182,0.7727272727272727,0.045454545454545525
baseline,1,right_hand,13,CP3,0.8181818181818182,0.3181818181818182,0.5
baseline,1,right_hand,14,CP1,0.8181818181818182,0.8181818181818182,0.0
baseline,1,right_hand,15,CPz,0.8181818181818182,0.6363636363636364,0.18181818181818188
baseline,1,right_hand,16,CP2,0.8181818181818182,0.9090909090909091,-0.09090909090909083
baseline,1,right_hand,17,CP4,0.8181818181818182,0.6818181818181818,0.13636363636363646
baseline,1,right_hand,18,P1,0.8181818181818182,0.4090909090909091,0.4090909090909091
baseline,1,right_hand,19,Pz,0.8181818181818182,0.7727272727272727,0.045454545454545525
baseline,1,right_hand,20,P2,0.8181818181818182,0.4090909090909091,0.4090909090909091
baseline,1,right_hand,21,POz,0.8181818181818182,0.5454545454545454,0.2727272727272728
baseline,2,feet,0,Fz,0.75,0.6875,0.0625
baseline,2,feet,1,FC3,0.75,0.59375,0.15625
baseline,2,feet,2,FC1,0.75,0.71875,0.03125
baseline,2,feet,3,FCz,0.75,0.6875,0.0625
baseline,2,feet,4,FC2,0.75,0.625,0.125
baseline,2,feet,5,FC4,0.75,0.625,0.125
baseline,2,feet,6,C5,0.75,0.71875,0.03125
baseline,2,feet,7,C3,0.75,0.65625,0.09375
baseline,2,feet,8,C1,0.75,0.6875,0.0625
baseline,2,feet,9,Cz,0.75,0.625,0.125
baseline,2,feet,10,C2,0.75,0.75,0.0
baseline,2,feet,11,C4,0.75,0.6875,0.0625
baseline,2,feet,12,C6,0.75,0.71875,0.03125
baseline,2,feet,13,CP3,0.75,0.65625,0.09375
baseline,2,feet,14,CP1,0.75,0.5625,0.1875
baseline,2,feet,15,CPz,0.75,0.65625,0.09375
baseline,2,feet,16,CP2,0.75,0.78125,-0.03125
baseline,2,feet,17,CP4,0.75,0.5625,0.1875
baseline,2,feet,18,P1,0.75,0.5625,0.1875
baseline,2,feet,19,Pz,0.75,0.71875,0.03125
baseline,2,feet,20,P2,0.75,0.5625,0.1875
baseline,2,feet,21,POz,0.75,0.65625,0.09375
baseline,3,tongue,0,Fz,0.9230769230769231,0.9230769230769231,0.0
baseline,3,tongue,1,FC3,0.9230769230769231,0.8846153846153846,0.03846153846153855
baseline,3,tongue,2,FC1,0.9230769230769231,0.9230769230769231,0.0
baseline,3,tongue,3,FCz,0.9230769230769231,0.8846153846153846,0.03846153846153855
baseline,3,tongue,4,FC2,0.9230769230769231,0.9230769230769231,0.0
baseline,3,tongue,5,FC4,0.9230769230769231,0.7307692307692307,0.1923076923076924
baseline,3,tongue,6,C5,0.9230769230769231,0.9615384615384616,-0.038461538461538436
baseline,3,tongue,7,C3,0.9230769230769231,0.9230769230769231,0.0
baseline,3,tongue,8,C1,0.9230769230769231,1.0,-0.07692307692307687
baseline,3,tongue,9,Cz,0.9230769230769231,0.8076923076923077,0.11538461538461542
baseline,3,tongue,10,C2,0.9230769230769231,0.8461538461538461,0.07692307692307698
baseline,3,tongue,11,C4,0.9230769230769231,0.8846153846153846,0.03846153846153855
baseline,3,tongue,12,C6,0.9230769230769231,0.9615384615384616,-0.038461538461538436
baseline,3,tongue,13,CP3,0.9230769230769231,0.8846153846153846,0.03846153846153855
baseline,3,tongue,14,CP1,0.9230769230769231,0.8846153846153846,0.03846153846153855
baseline,3,tongue,15,CPz,0.9230769230769231,0.9615384615384616,-0.038461538461538436
baseline,3,tongue,16,CP2,0.9230769230769231,0.9230769230769231,0.0
baseline,3,tongue,17,CP4,0.9230769230769231,0.9230769230769231,0.0
baseline,3,tongue,18,P1,0.9230769230769231,0.8461538461538461,0.07692307692307698
baseline,3,tongue,19,Pz,0.9230769230769231,0.8461538461538461,0.07692307692307698
baseline,3,tongue,20,P2,0.9230769230769231,0.9615384615384616,-0.038461538461538436
baseline,3,tongue,21,POz,0.9230769230769231,0.9615384615384616,-0.038461538461538436
