model_name,class_id,class_name,rank,channel_index,channel_name,class_base_accuracy,permuted_accuracy,importance
baseline,0,left_hand,1,17,CP4,0.7747035573122529,0.2964426877470356,0.47826086956521735
baseline,0,left_hand,2,19,Pz,0.7747035573122529,0.30434782608695654,0.4703557312252964
baseline,0,left_hand,3,16,CP2,0.7747035573122529,0.308300395256917,0.46640316205533594
baseline,0,left_hand,4,21,POz,0.7747035573122529,0.5138339920948617,0.26086956521739124
baseline,0,left_hand,5,12,C6,0.7747035573122529,0.5533596837944664,0.2213438735177865
baseline,0,left_hand,6,11,C4,0.7747035573122529,0.5652173913043478,0.20948616600790515
baseline,0,left_hand,7,5,FC4,0.7747035573122529,0.5810276679841897,0.19367588932806323
baseline,0,left_hand,8,9,Cz,0.7747035573122529,0.5889328063241107,0.18577075098814222
baseline,0,left_hand,9,10,C2,0.7747035573122529,0.5889328063241107,0.18577075098814222
baseline,0,left_hand,10,7,C3,0.7747035573122529,0.5928853754940712,0.18181818181818177
baseline,0,left_hand,11,18,P1,0.7747035573122529,0.6600790513833992,0.11462450592885376
baseline,0,left_hand,12,3,FCz,0.7747035573122529,0.6640316205533597,0.1106719367588932
baseline,0,left_hand,13,20,P2,0.7747035573122529,0.6758893280632411,0.09881422924901184
baseline,0,left_hand,14,2,FC1,0.7747035573122529,0.691699604743083,0.08300395256916993
baseline,0,left_hand,15,1,FC3,0.7747035573122529,0.6996047430830039,0.07509881422924902
baseline,0,left_hand,16,8,C1,0.7747035573122529,0.6996047430830039,0.07509881422924902
baseline,0,left_hand,17,4,FC2,0.7747035573122529,0.7272727272727273,0.04743083003952564
baseline,0,left_hand,18,0,Fz,0.7747035573122529,0.7312252964426877,0.04347826086956519
baseline,0,left_hand,19,6,C5,0.7747035573122529,0.7351778656126482,0.03952569169960474
baseline,0,left_hand,20,14,CP1,0.7747035573122529,0.766798418972332,0.007905138339920903
baseline,0,left_hand,21,13,CP3,0.7747035573122529,0.7747035573122529,0.0
baseline,0,left_hand,22,15,CPz,0.7747035573122529,0.7944664031620553,-0.01976284584980237
baseline,1,right_hand,1,13,CP3,0.6953125,0.26171875,0.43359375
baseline,1,right_hand,2,15,CPz,0.6953125,0.32421875,0.37109375
baseline,1,right_hand,3,20,P2,0.6953125,0.34375,0.3515625
baseline,1,right_hand,4,18,P1,0.6953125,0.3515625,0.34375
baseline,1,right_hand,5,6,C5,0.6953125,0.41015625,0.28515625
baseline,1,right_hand,6,21,POz,0.6953125,0.4296875,0.265625
baseline,1,right_hand,7,2,FC1,0.6953125,0.4375,0.2578125
baseline,1,right_hand,8,9,Cz,0.6953125,0.4609375,0.234375
baseline,1,right_hand,9,4,FC2,0.6953125,0.47265625,0.22265625
baseline,1,right_hand,10,0,Fz,0.6953125,0.48046875,0.21484375
baseline,1,right_hand,11,3,FCz,0.6953125,0.484375,0.2109375
baseline,1,right_hand,12,10,C2,0.6953125,0.50390625,0.19140625
baseline,1,right_hand,13,1,FC3,0.6953125,0.55078125,0.14453125
baseline,1,right_hand,14,8,C1,0.6953125,0.5625,0.1328125
baseline,1,right_hand,15,11,C4,0.6953125,0.5703125,0.125
baseline,1,right_hand,16,14,CP1,0.6953125,0.62109375,0.07421875
baseline,1,right_hand,17,17,CP4,0.6953125,0.68359375,0.01171875
baseline,1,right_hand,18,7,C3,0.6953125,0.69140625,0.00390625
baseline,1,right_hand,19,5,FC4,0.6953125,0.72265625,-0.02734375
baseline,1,right_hand,20,19,Pz,0.6953125,0.7421875,-0.046875
baseline,1,right_hand,21,12,C6,0.6953125,0.77734375,-0.08203125
baseline,1,right_hand,22,16,CP2,0.6953125,0.88671875,-0.19140625
baseline,2,feet,1,18,P1,0.650375939849624,0.4699248120300752,0.18045112781954886
baseline,2,feet,2,5,FC4,0.650375939849624,0.5075187969924813,0.1428571428571428
baseline,2,feet,3,20,P2,0.650375939849624,0.518796992481203,0.13157894736842102
baseline,2,feet,4,7,C3,0.650375939849624,0.5526315789473685,0.09774436090225558
baseline,2,feet,5,13,CP3,0.650375939849624,0.5526315789473685,0.09774436090225558
baseline,2,feet,6,15,CPz,0.650375939849624,0.5526315789473685,0.09774436090225558
baseline,2,feet,7,6,C5,0.650375939849624,0.5639097744360902,0.0864661654135338
baseline,2,feet,8,4,FC2,0.650375939849624,0.5714285714285714,0.07894736842105265
baseline,2,feet,9,21,POz,0.650375939849624,0.575187969924812,0.07518796992481203
baseline,2,feet,10,1,FC3,0.650375939849624,0.5827067669172933,0.06766917293233077
baseline,2,feet,11,17,CP4,0.650375939849624,0.5827067669172933,0.06766917293233077
baseline,2,feet,12,14,CP1,0.650375939849624,0.5902255639097744,0.06015037593984962
baseline,2,feet,13,16,CP2,0.650375939849624,0.6015037593984962,0.048872180451127845
baseline,2,feet,14,11,C4,0.650375939849624,0.6052631578947368,0.045112781954887216
baseline,2,feet,15,8,C1,0.650375939849624,0.6165413533834586,0.03383458646616544
baseline,2,feet,16,2,FC1,0.650375939849624,0.6240601503759399,0.02631578947368418
baseline,2,feet,17,12,C6,0.650375939849624,0.6240601503759399,0.02631578947368418
baseline,2,feet,18,0,Fz,0.650375939849624,0.6278195488721805,0.022556390977443552
baseline,2,feet,19,19,Pz,0.650375939849624,0.6541353383458647,-0.003759398496240629
baseline,2,feet,20,3,FCz,0.650375939849624,0.6578947368421053,-0.007518796992481258
baseline,2,feet,21,9,Cz,0.650375939849624,0.7255639097744361,-0.07518796992481203
baseline,2,feet,22,10,C2,0.650375939849624,0.7255639097744361,-0.07518796992481203
baseline,3,tongue,1,5,FC4,0.7662835249042146,0.3946360153256705,0.3716475095785441
baseline,3,tongue,2,17,CP4,0.7662835249042146,0.49808429118773945,0.26819923371647514
baseline,3,tongue,3,13,CP3,0.7662835249042146,0.5478927203065134,0.21839080459770122
baseline,3,tongue,4,18,P1,0.7662835249042146,0.5517241379310345,0.2145593869731801
baseline,3,tongue,5,9,Cz,0.7662835249042146,0.5555555555555556,0.210727969348659
baseline,3,tongue,6,19,Pz,0.7662835249042146,0.5555555555555556,0.210727969348659
baseline,3,tongue,7,16,CP2,0.7662835249042146,0.5632183908045977,0.2030651340996169
baseline,3,tongue,8,7,C3,0.7662835249042146,0.5938697318007663,0.1724137931034483
baseline,3,tongue,9,1,FC3,0.7662835249042146,0.6015325670498084,0.1647509578544062
baseline,3,tongue,10,4,FC2,0.7662835249042146,0.6206896551724138,0.14559386973180077
baseline,3,tongue,11,10,C2,0.7662835249042146,0.6245210727969349,0.14176245210727967
baseline,3,tongue,12,20,P2,0.7662835249042146,0.6245210727969349,0.14176245210727967
baseline,3,tongue,13,14,CP1,0.7662835249042146,0.6475095785440613,0.11877394636015326
baseline,3,tongue,14,3,FCz,0.7662835249042146,0.6551724137931034,0.11111111111111116
baseline,3,tongue,15,8,C1,0.7662835249042146,0.6590038314176245,0.10727969348659006
baseline,3,tongue,16,12,C6,0.7662835249042146,0.6666666666666666,0.09961685823754796
baseline,3,tongue,17,11,C4,0.7662835249042146,0.6704980842911877,0.09578544061302685
baseline,3,tongue,18,0,Fz,0.7662835249042146,0.685823754789272,0.08045977011494254
baseline,3,tongue,19,6,C5,0.7662835249042146,0.7088122605363985,0.05747126436781613
baseline,3,tongue,20,21,POz,0.7662835249042146,0.7126436781609196,0.05363984674329503
baseline,3,tongue,21,2,FC1,0.7662835249042146,0.7241379310344828,0.04214559386973182
baseline,3,tongue,22,15,CPz,0.7662835249042146,0.7854406130268199,-0.019157088122605304
logic,0,left_hand,1,20,P2,0.7193675889328063,0.3241106719367589,0.39525691699604737
logic,0,left_hand,2,17,CP4,0.7193675889328063,0.34782608695652173,0.37154150197628455
logic,0,left_hand,3,4,FC2,0.7193675889328063,0.38735177865612647,0.3320158102766798
logic,0,left_hand,4,14,CP1,0.7193675889328063,0.4901185770750988,0.22924901185770746
logic,0,left_hand,5,3,FCz,0.7193675889328063,0.5217391304347826,0.19762845849802368
logic,0,left_hand,6,1,FC3,0.7193675889328063,0.5454545454545454,0.17391304347826086
logic,0,left_hand,7,5,FC4,0.7193675889328063,0.5454545454545454,0.17391304347826086
logic,0,left_hand,8,18,P1,0.7193675889328063,0.549407114624506,0.1699604743083003
logic,0,left_hand,9,16,CP2,0.7193675889328063,0.5533596837944664,0.16600790513833985
logic,0,left_hand,10,12,C6,0.7193675889328063,0.5573122529644269,0.1620553359683794
logic,0,left_hand,11,11,C4,0.7193675889328063,0.5612648221343873,0.15810276679841895
logic,0,left_hand,12,10,C2,0.7193675889328063,0.5770750988142292,0.14229249011857703
logic,0,left_hand,13,8,C1,0.7193675889328063,0.6521739130434783,0.06719367588932801
logic,0,left_hand,14,0,Fz,0.7193675889328063,0.6679841897233202,0.05138339920948609
logic,0,left_hand,15,19,Pz,0.7193675889328063,0.6996047430830039,0.01976284584980237
logic,0,left_hand,16,2,FC1,0.7193675889328063,0.7035573122529645,0.015810276679841806
logic,0,left_hand,17,7,C3,0.7193675889328063,0.7154150197628458,0.0039525691699604515
logic,0,left_hand,18,9,Cz,0.7193675889328063,0.766798418972332,-0.04743083003952575
logic,0,left_hand,19,6,C5,0.7193675889328063,0.7707509881422925,-0.0513833992094862
logic,0,left_hand,20,21,POz,0.7193675889328063,0.83399209486166,-0.11462450592885376
logic,0,left_hand,21,13,CP3,0.7193675889328063,0.8893280632411067,-0.1699604743083004
logic,0,left_hand,22,15,CPz,0.7193675889328063,0.9011857707509882,-0.18181818181818188
logic,1,right_hand,1,15,CPz,0.76171875,0.2265625,0.53515625
logic,1,right_hand,2,13,CP3,0.76171875,0.26171875,0.5
logic,1,right_hand,3,9,Cz,0.76171875,0.28515625,0.4765625
logic,1,right_hand,4,21,POz,0.76171875,0.2890625,0.47265625
logic,1,right_hand,5,18,P1,0.76171875,0.32421875,0.4375
logic,1,right_hand,6,6,C5,0.76171875,0.48046875,0.28125
logic,1,right_hand,7,11,C4,0.76171875,0.5703125,0.19140625
logic,1,right_hand,8,3,FCz,0.76171875,0.578125,0.18359375
logic,1,right_hand,9,1,FC3,0.76171875,0.6015625,0.16015625
logic,1,right_hand,10,0,Fz,0.76171875,0.60546875,0.15625
logic,1,right_hand,11,14,CP1,0.76171875,0.6171875,0.14453125
logic,1,right_hand,12,20,P2,0.76171875,0.6484375,0.11328125
logic,1,right_hand,13,7,C3,0.76171875,0.6640625,0.09765625
logic,1,right_hand,14,8,C1,0.76171875,0.69140625,0.0703125
logic,1,right_hand,15,10,C2,0.76171875,0.6953125,0.06640625
logic,1,right_hand,16,5,FC4,0.76171875,0.7109375,0.05078125
logic,1,right_hand,17,16,CP2,0.76171875,0.7265625,0.03515625
logic,1,right_hand,18,17,CP4,0.76171875,0.7265625,0.03515625
logic,1,right_hand,19,19,Pz,0.76171875,0.73828125,0.0234375
logic,1,right_hand,20,12,C6,0.76171875,0.75,0.01171875
logic,1,right_hand,21,4,FC2,0.76171875,0.75390625,0.0078125
logic,1,right_hand,22,2,FC1,0.76171875,0.76171875,0.0
logic,2,feet,1,13,CP3,0.6766917293233082,0.20676691729323307,0.4699248120300752
logic,2,feet,2,15,CPz,0.6766917293233082,0.2932330827067669,0.38345864661654133
logic,2,feet,3,5,FC4,0.6766917293233082,0.40225563909774437,0.27443609022556387
logic,2,feet,4,21,POz,0.6766917293233082,0.42105263157894735,0.2556390977443609
logic,2,feet,5,7,C3,0.6766917293233082,0.4699248120300752,0.20676691729323304
logic,2,feet,6,11,C4,0.6766917293233082,0.5601503759398496,0.11654135338345861
logic,2,feet,7,17,CP4,0.6766917293233082,0.5601503759398496,0.11654135338345861
logic,2,feet,8,6,C5,0.6766917293233082,0.5827067669172933,0.09398496240601495
logic,2,feet,9,2,FC1,0.6766917293233082,0.5939849624060151,0.08270676691729317
logic,2,feet,10,9,Cz,0.6766917293233082,0.6165413533834586,0.06015037593984962
logic,2,feet,11,1,FC3,0.6766917293233082,0.6353383458646616,0.041353383458646586
logic,2,feet,12,20,P2,0.6766917293233082,0.6466165413533834,0.03007518796992481
logic,2,feet,13,8,C1,0.6766917293233082,0.650375939849624,0.02631578947368418
logic,2,feet,14,12,C6,0.6766917293233082,0.6578947368421053,0.018796992481202923
logic,2,feet,15,0,Fz,0.6766917293233082,0.6654135338345865,0.011278195488721776
logic,2,feet,16,18,P1,0.6766917293233082,0.6804511278195489,-0.003759398496240629
logic,2,feet,17,19,Pz,0.6766917293233082,0.6992481203007519,-0.022556390977443663
logic,2,feet,18,10,C2,0.6766917293233082,0.7030075187969925,-0.026315789473684292
logic,2,feet,19,16,CP2,0.6766917293233082,0.7218045112781954,-0.045112781954887216
logic,2,feet,20,14,CP1,0.6766917293233082,0.7293233082706767,-0.052631578947368474
logic,2,feet,21,4,FC2,0.6766917293233082,0.7481203007518797,-0.07142857142857151
logic,2,feet,22,3,FCz,0.6766917293233082,0.7518796992481203,-0.07518796992481203
logic,3,tongue,1,17,CP4,0.7049808429118773,0.25287356321839083,0.4521072796934865
logic,3,tongue,2,20,P2,0.7049808429118773,0.421455938697318,0.28352490421455934
logic,3,tongue,3,21,POz,0.7049808429118773,0.46360153256704983,0.2413793103448275
logic,3,tongue,4,4,FC2,0.7049808429118773,0.4942528735632184,0.21072796934865895
logic,3,tongue,5,7,C3,0.7049808429118773,0.5019157088122606,0.2030651340996168
logic,3,tongue,6,16,CP2,0.7049808429118773,0.5134099616858238,0.1915708812260536
logic,3,tongue,7,18,P1,0.7049808429118773,0.5363984674329502,0.16858237547892718
logic,3,tongue,8,1,FC3,0.7049808429118773,0.5593869731800766,0.14559386973180077
logic,3,tongue,9,3,FCz,0.7049808429118773,0.5670498084291188,0.13793103448275856
logic,3,tongue,10,2,FC1,0.7049808429118773,0.578544061302682,0.12643678160919536
logic,3,tongue,11,11,C4,0.7049808429118773,0.5900383141762452,0.11494252873563215
logic,3,tongue,12,10,C2,0.7049808429118773,0.5977011494252874,0.10727969348658994
logic,3,tongue,13,8,C1,0.7049808429118773,0.6015325670498084,0.10344827586206895
logic,3,tongue,14,9,Cz,0.7049808429118773,0.6130268199233716,0.09195402298850575
logic,3,tongue,15,12,C6,0.7049808429118773,0.6168582375478927,0.08812260536398464
logic,3,tongue,16,19,Pz,0.7049808429118773,0.6283524904214559,0.07662835249042144
logic,3,tongue,17,5,FC4,0.7049808429118773,0.632183908045977,0.07279693486590033
logic,3,tongue,18,13,CP3,0.7049808429118773,0.632183908045977,0.07279693486590033
logic,3,tongue,19,14,CP1,0.7049808429118773,0.6590038314176245,0.04597701149425282
logic,3,tongue,20,0,Fz,0.7049808429118773,0.6628352490421456,0.04214559386973171
logic,3,tongue,21,6,C5,0.7049808429118773,0.7126436781609196,-0.00766283524904221
logic,3,tongue,22,15,CPz,0.7049808429118773,0.7279693486590039,-0.02298850574712652
