rank,channel_index,channel_name,base_accuracy,permuted_accuracy,importance
1,19,Pz,0.2915057915057915,0.2722007722007722,0.019305019305019266
2,7,C3,0.2915057915057915,0.2750965250965251,0.016409266409266376
3,2,FC1,0.2915057915057915,0.277992277992278,0.013513513513513487
4,8,C1,0.2915057915057915,0.2799227799227799,0.01158301158301156
5,14,CP1,0.2915057915057915,0.28378378378378377,0.007722007722007707
6,0,Fz,0.2915057915057915,0.28474903474903474,0.006756756756756743
7,1,FC3,0.2915057915057915,0.2857142857142857,0.00579150579150578
8,13,CP3,0.2915057915057915,0.2876447876447876,0.0038610038610038533
9,18,P1,0.2915057915057915,0.2876447876447876,0.0038610038610038533
10,9,Cz,0.2915057915057915,0.2886100386100386,0.00289575289575289
11,3,FCz,0.2915057915057915,0.2915057915057915,0.0
12,5,FC4,0.2915057915057915,0.2915057915057915,0.0
13,17,CP4,0.2915057915057915,0.2915057915057915,0.0
14,20,P2,0.2915057915057915,0.2915057915057915,0.0
15,10,C2,0.2915057915057915,0.2924710424710425,-0.0009652509652510188
16,6,C5,0.2915057915057915,0.29343629343629346,-0.0019305019305019822
17,4,FC2,0.2915057915057915,0.2953667953667954,-0.003861003861003909
18,12,C6,0.2915057915057915,0.2953667953667954,-0.003861003861003909
19,11,C4,0.2915057915057915,0.2972972972972973,-0.0057915057915058354
20,16,CP2,0.2915057915057915,0.29922779922779924,-0.007722007722007762
21,15,CPz,0.2915057915057915,0.3001930501930502,-0.008687258687258725
22,21,POz,0.2915057915057915,0.30212355212355213,-0.010617760617760652
