channel_index,channel_name,importance_baseline,importance_logic,delta_importance
18,P1,0.2625482625482624,0.2113899613899613,-0.05115830115830111
21,POz,0.2249034749034748,0.2548262548262547,0.02992277992277992
17,CP4,0.2123552123552122,0.2451737451737451,0.03281853281853289
13,CP3,0.2036679536679536,0.2509652509652509,0.047297297297297314
19,Pz,0.1891891891891891,0.025096525096525,-0.1640926640926641
20,P2,0.1737451737451737,0.2258687258687258,0.0521235521235521
9,Cz,0.1727799227799227,0.2027027027027026,0.02992277992277989
5,FC4,0.1602316602316601,0.1544401544401543,-0.005791505791505808
16,CP2,0.1399613899613899,0.081081081081081,-0.0588803088803089
0,Fz,0.137065637065637,0.0897683397683397,-0.047297297297297314
3,FCz,0.136100386100386,0.1283783783783783,-0.007722007722007707
1,FC3,0.1245173745173744,0.1303088803088802,0.005791505791505794
14,CP1,0.1225868725868725,0.138030888030888,0.01544401544401551
15,CPz,0.1110038610038609,0.2104247104247103,0.0994208494208494
10,C2,0.11003861003861,0.0675675675675675,-0.0424710424710425
8,C1,0.1071428571428571,0.0637065637065636,-0.0434362934362935
4,FC2,0.1032818532818532,0.1206563706563705,0.017374517374517298
11,C4,0.0994208494208493,0.1341698841698841,0.03474903474903479
6,C5,0.0945945945945945,0.0685328185328184,-0.026061776061776107
2,FC1,0.0916988416988416,0.0453667953667953,-0.0463320463320463
7,C3,0.0907335907335906,0.1003861003861003,0.009652509652509703
12,C6,0.0733590733590733,0.053088803088803,-0.0202702702702703
