run_id,model,loss_type,lambda_logic,seed,epochs,lr,batch_size,weight_decay,scheduler,early_stopping_patience,best_val_acc,best_epoch,final_train_acc,final_val_acc,checkpoint_path,history_csv,summary_json,figures_path,notes
legacy_best_eegnet_bciciv2a,EEGNet,cross_entropy,0,42,30,0.001,32,,none,0,0.721042471042471,22,,,experiments_mi_ltn/runs/best_eegnet_bciciv2a.pt,,,experiments_mi_ltn/runs/topomap_channel_importance_baseline_30ep.png,"Historical standalone baseline checkpoint. Args stored in checkpoint; no persistent history.csv or summary.json. channel_importance_baseline_30ep.csv reports base_accuracy=0.721042471042471 for this exact checkpoint family."
legacy_best_eegnet_logic_bciciv2a,EEGNet,cross_entropy_plus_logic,0.000001,42,30,0.001,32,,none,0,0.7152509652509652,25,,,experiments_mi_ltn/runs/best_eegnet_logic_bciciv2a.pt,,,experiments_mi_ltn/runs/topomap_channel_importance_logic_30ep.png,"Historical logic-loss checkpoint. lambda_logic stored in checkpoint is 1e-06, not the README example 0.1. No persistent history.csv or summary.json."
phase1_seed42_default,EEGNet,cross_entropy,0,42,30,0.001,64,0.0,none,0,0.7104247104247104,30,0.7635004821600772,0.7104247104247104,experiments_mi_ltn/runs/baseline_eegnet/phase1_seed42_default/checkpoint_best.pt,experiments_mi_ltn/runs/baseline_eegnet/phase1_seed42_default/history.csv,experiments_mi_ltn/runs/baseline_eegnet/phase1_seed42_default/summary.json,experiments_mi_ltn/runs/baseline_eegnet/phase1_seed42_default/figures/training_curves.png,"Structured baseline run with current logging. No early stopping. Best epoch is final epoch."
phase1_seed42_plateau,EEGNet,cross_entropy,0,42,30,0.001,64,0.0,plateau,0,0.7104247104247104,30,0.7635004821600772,0.7104247104247104,experiments_mi_ltn/runs/baseline_eegnet/phase1_seed42_plateau/checkpoint_best.pt,experiments_mi_ltn/runs/baseline_eegnet/phase1_seed42_plateau/history.csv,experiments_mi_ltn/runs/baseline_eegnet/phase1_seed42_plateau/summary.json,experiments_mi_ltn/runs/baseline_eegnet/phase1_seed42_plateau/figures/training_curves.png,"Same metrics as phase1_seed42_default; LR stayed at 0.001 in history, so ReduceLROnPlateau did not change the learning rate in 30 epochs."
phase1_seed42_wd1e-4,EEGNet,cross_entropy,0,42,15,0.001,64,0.0001,none,0,0.6766409266409267,15,0.7131147540983607,0.6766409266409267,experiments_mi_ltn/runs/baseline_eegnet/phase1_seed42_wd1e-4/checkpoint_best.pt,experiments_mi_ltn/runs/baseline_eegnet/phase1_seed42_wd1e-4/history.csv,experiments_mi_ltn/runs/baseline_eegnet/phase1_seed42_wd1e-4/summary.json,,"Weight decay run. args.json requested 30 epochs, but summary/history/checkpoint only contain 15 completed epochs and stopped_early=false; no training_curves.png present."
timing_seed42_epoch1,EEGNet,cross_entropy,0,42,1,0.001,64,0.0,none,0,0.41216216216216217,1,0.33486017357762776,0.41216216216216217,experiments_mi_ltn/runs/baseline_eegnet/timing_seed42_epoch1/checkpoint_best.pt,experiments_mi_ltn/runs/baseline_eegnet/timing_seed42_epoch1/history.csv,experiments_mi_ltn/runs/baseline_eegnet/timing_seed42_epoch1/summary.json,experiments_mi_ltn/runs/baseline_eegnet/timing_seed42_epoch1/figures/training_curves.png,"One-epoch timing/debug run; not a competitive baseline result."
channel_importance_baseline_30ep,EEGNet,analysis_channel_importance,0,42,30,0.001,32,,none,0,0.721042471042471,22,,,experiments_mi_ltn/runs/best_eegnet_bciciv2a.pt,,experiments_mi_ltn/runs/channel_importance_baseline_30ep.csv,experiments_mi_ltn/runs/topomap_channel_importance_baseline_30ep.png,"Permutation channel importance for the 30-epoch historical baseline; CSV base_accuracy matches checkpoint best_val_acc."
channel_importance_logic_30ep,EEGNet,analysis_channel_importance,0.000001,42,30,0.001,32,,none,0,0.7152509652509652,25,,,experiments_mi_ltn/runs/best_eegnet_logic_bciciv2a.pt,,experiments_mi_ltn/runs/channel_importance_logic_30ep.csv,experiments_mi_ltn/runs/topomap_channel_importance_logic_30ep.png,"Permutation channel importance for the historical logic-loss checkpoint; CSV base_accuracy matches checkpoint best_val_acc."
coherence_scores_30ep,EEGNet,analysis_sensorimotor_coherence,,42,30,0.001,32,,none,0,,,,,experiments_mi_ltn/runs/best_eegnet_bciciv2a.pt;experiments_mi_ltn/runs/best_eegnet_logic_bciciv2a.pt,,experiments_mi_ltn/runs/coherence_scores.csv,experiments_mi_ltn/runs/coherence_scores.png,"Coherence scores computed from channel_importance_baseline_30ep.csv and channel_importance_logic_30ep.csv. Current sensorimotor_ratio: baseline=0.41733251382913333, logic=0.5186495176848877."
channel_importance_legacy_unsuffixed,EEGNet,analysis_channel_importance_unknown_run,,42,,,,,,,,,,,,,experiments_mi_ltn/runs/channel_importance.csv;experiments_mi_ltn/runs/channel_importance_logic.csv,experiments_mi_ltn/runs/channel_importance_comparison.png;experiments_mi_ltn/runs/channel_importance_delta.png;experiments_mi_ltn/runs/channel_importance_pretty.png;experiments_mi_ltn/runs/channel_importance_delta_pretty.png,"Older unsuffixed channel-importance files and figures exist, but their exact checkpoint/run linkage is not fully documented. Do not use as final TFM figures unless relinked to an exact checkpoint."
channel_importance_by_class,EEGNet,analysis_channel_importance_by_class,,42,,,,,,,,,,,,,experiments_mi_ltn/runs/channel_importance_by_class.csv,experiments_mi_ltn/runs/channel_importance_by_class.png,"Per-class channel importance exists for baseline and logic checkpoints, but should be regenerated after final baseline and final logic configurations are selected."
eegnex_inventory,EEGNeX,not_found,,,,,,,,,,,,,,,,,No EEGNeX experiment script or run artifact was found under experiments_mi_ltn. Repository search only found EEGNet in the current MI-LTN experiment set.
