subject_id,train_session,test_session,config_name,seed,split_seed,val_mode,selection_metric,train_size,validation_size,test_size,best_val_acc,best_val_kappa,best_epoch,final_train_acc,final_val_acc,test_acc,test_loss,test_kappa,macro_f1,summary_json,checkpoint_best_path
A01,T,E,long_training_500,42,42,stratified_trialwise,val_acc,218,55,281,0.6545454545454545,0.5386313465783665,49,1.0,0.5818181818181818,0.594306049822064,0.9257753185954383,0.4590222072110107,0.6003858337290575,/home/m1tus/diana/TFM_Neuro_Symbolic/experiments_mi_ltn/runs/eegnet_baseline_subject_session_artifact_free/config_runs/long_training_500_seed42_split42/subjects/A01/summary.json,/home/m1tus/diana/TFM_Neuro_Symbolic/experiments_mi_ltn/runs/eegnet_baseline_subject_session_artifact_free/config_runs/long_training_500_seed42_split42/subjects/A01/checkpoint_best.pt
A02,T,E,long_training_500,42,42,stratified_trialwise,val_acc,216,54,283,0.5185185185185185,0.3580246913580247,51,0.9953703703703703,0.46296296296296297,0.4452296819787986,1.2618247561235731,0.2606908715764251,0.42980448480355815,/home/m1tus/diana/TFM_Neuro_Symbolic/experiments_mi_ltn/runs/eegnet_baseline_subject_session_artifact_free/config_runs/long_training_500_seed42_split42/subjects/A02/summary.json,/home/m1tus/diana/TFM_Neuro_Symbolic/experiments_mi_ltn/runs/eegnet_baseline_subject_session_artifact_free/config_runs/long_training_500_seed42_split42/subjects/A02/checkpoint_best.pt
A03,T,E,long_training_500,42,42,stratified_trialwise,val_acc,216,54,273,0.7037037037037037,0.6042143838754008,140,1.0,0.6851851851851852,0.5201465201465202,1.4603209382011777,0.35887920834677856,0.5188919838444903,/home/m1tus/diana/TFM_Neuro_Symbolic/experiments_mi_ltn/runs/eegnet_baseline_subject_session_artifact_free/config_runs/long_training_500_seed42_split42/subjects/A03/summary.json,/home/m1tus/diana/TFM_Neuro_Symbolic/experiments_mi_ltn/runs/eegnet_baseline_subject_session_artifact_free/config_runs/long_training_500_seed42_split42/subjects/A03/checkpoint_best.pt
A04,T,E,long_training_500,42,42,stratified_trialwise,val_acc,211,51,228,0.47058823529411764,0.29384615384615387,26,1.0,0.4117647058823529,0.40789473684210525,1.2936710579353465,0.20551339631407783,0.38328433953433955,/home/m1tus/diana/TFM_Neuro_Symbolic/experiments_mi_ltn/runs/eegnet_baseline_subject_session_artifact_free/config_runs/long_training_500_seed42_split42/subjects/A04/summary.json,/home/m1tus/diana/TFM_Neuro_Symbolic/experiments_mi_ltn/runs/eegnet_baseline_subject_session_artifact_free/config_runs/long_training_500_seed42_split42/subjects/A04/checkpoint_best.pt
A05,T,E,long_training_500,42,42,stratified_trialwise,val_acc,210,52,276,0.6538461538461539,0.5384615384615384,125,1.0,0.6153846153846154,0.572463768115942,1.3336007353188335,0.430380411018802,0.5714206000294679,/home/m1tus/diana/TFM_Neuro_Symbolic/experiments_mi_ltn/runs/eegnet_baseline_subject_session_artifact_free/config_runs/long_training_500_seed42_split42/subjects/A05/summary.json,/home/m1tus/diana/TFM_Neuro_Symbolic/experiments_mi_ltn/runs/eegnet_baseline_subject_session_artifact_free/config_runs/long_training_500_seed42_split42/subjects/A05/checkpoint_best.pt
A06,T,E,long_training_500,42,42,stratified_trialwise,val_acc,176,43,215,0.4186046511627907,0.22438672438672436,48,1.0,0.4186046511627907,0.35348837209302325,1.5097622904666634,0.1382144298979181,0.3539426214161839,/home/m1tus/diana/TFM_Neuro_Symbolic/experiments_mi_ltn/runs/eegnet_baseline_subject_session_artifact_free/config_runs/long_training_500_seed42_split42/subjects/A06/summary.json,/home/m1tus/diana/TFM_Neuro_Symbolic/experiments_mi_ltn/runs/eegnet_baseline_subject_session_artifact_free/config_runs/long_training_500_seed42_split42/subjects/A06/checkpoint_best.pt
A07,T,E,long_training_500,42,42,stratified_trialwise,val_acc,218,53,277,0.6981132075471698,0.5979137031768611,172,1.0,0.660377358490566,0.6389891696750902,1.0795047093814891,0.5186626815875444,0.6410091437384671,/home/m1tus/diana/TFM_Neuro_Symbolic/experiments_mi_ltn/runs/eegnet_baseline_subject_session_artifact_free/config_runs/long_training_500_seed42_split42/subjects/A07/summary.json,/home/m1tus/diana/TFM_Neuro_Symbolic/experiments_mi_ltn/runs/eegnet_baseline_subject_session_artifact_free/config_runs/long_training_500_seed42_split42/subjects/A07/checkpoint_best.pt
A08,T,E,long_training_500,42,42,stratified_trialwise,val_acc,211,53,271,0.6226415094339622,0.49643705463182897,142,1.0,0.6037735849056604,0.5424354243542435,1.655895384475314,0.3897504812406929,0.5438951558884424,/home/m1tus/diana/TFM_Neuro_Symbolic/experiments_mi_ltn/runs/eegnet_baseline_subject_session_artifact_free/config_runs/long_training_500_seed42_split42/subjects/A08/summary.json,/home/m1tus/diana/TFM_Neuro_Symbolic/experiments_mi_ltn/runs/eegnet_baseline_subject_session_artifact_free/config_runs/long_training_500_seed42_split42/subjects/A08/checkpoint_best.pt
A09,T,E,long_training_500,42,42,stratified_trialwise,val_acc,189,48,264,0.6666666666666666,0.5534883720930233,37,1.0,0.6041666666666666,0.36363636363636365,1.3847236994541052,0.1509954058192955,0.36343101343101347,/home/m1tus/diana/TFM_Neuro_Symbolic/experiments_mi_ltn/runs/eegnet_baseline_subject_session_artifact_free/config_runs/long_training_500_seed42_split42/subjects/A09/summary.json,/home/m1tus/diana/TFM_Neuro_Symbolic/experiments_mi_ltn/runs/eegnet_baseline_subject_session_artifact_free/config_runs/long_training_500_seed42_split42/subjects/A09/checkpoint_best.pt
