epoch,train_loss,train_acc,val_loss,val_acc,val_kappa,val_macro_f1,lr
1,1.3710039903335176,0.31492248062015504,1.360238584065346,0.36877394636015326,0.15836526181353772,0.3644395144487861,0.0009
2,1.2416843068076042,0.4541343669250646,1.3206604869886376,0.4339080459770115,0.24521072796934862,0.43258942221352925,0.0009
3,1.1411161376524341,0.5213178294573644,1.274427615819763,0.49137931034482757,0.32183908045977017,0.4915554012436261,0.0009
4,1.0795466035835504,0.5436046511627907,1.217985583447862,0.5067049808429118,0.3422733077905492,0.5065703308388085,0.0009
5,1.0204481192953518,0.5881782945736435,1.1605187668197456,0.5268199233716475,0.3690932311621967,0.5275919873560245,0.0009
6,0.988733786791178,0.5975452196382429,1.1073065228845882,0.5526819923371648,0.40357598978288634,0.5529358689039524,0.0009
7,0.951555923282022,0.6237080103359173,1.061236338597148,0.5593869731800766,0.4125159642401022,0.559889816115802,0.0009
8,0.9166087035368887,0.6401808785529716,1.024700919787089,0.5823754789272031,0.4431673052362708,0.5819352472546153,0.0009
9,0.8985389190742827,0.647609819121447,0.9911499292914439,0.5948275862068966,0.45977011494252873,0.5947675739454301,0.0009
10,0.8654258195744005,0.6598837209302325,0.9828383168954958,0.5996168582375478,0.4661558109833972,0.5962356486860974,0.0009
11,0.8537401081055633,0.6556847545219638,0.9624520549372239,0.6024904214559387,0.4699872286079183,0.6007077875775994,0.0009
12,0.8127880347483534,0.6818475452196382,0.9439877986451218,0.6149425287356322,0.48659003831417624,0.6137921707907354,0.0009
13,0.7906883737837621,0.6931524547803618,0.9306165555427814,0.6082375478927203,0.4776500638569604,0.6084361389346252,0.0009
14,0.7709948974986409,0.6957364341085271,0.9325379265679253,0.6111111111111112,0.4814814814814815,0.6115979787631132,0.0009
15,0.7516263678708434,0.7021963824289406,0.8890033183883433,0.6417624521072797,0.5223499361430396,0.6417857137405903,0.0009
16,0.7362372333073185,0.7157622739018088,0.893448808184072,0.6417624521072797,0.5223499361430396,0.6410173481975573,0.0009
17,0.7128630468395637,0.7309431524547804,0.8664398497091856,0.646551724137931,0.5287356321839081,0.6466309814080715,0.0009
18,0.700502973964356,0.725452196382429,0.8402779814840733,0.6657088122605364,0.5542784163473818,0.6663404820149086,0.0009
19,0.6992748153302096,0.729328165374677,0.8272529029754844,0.6685823754789272,0.558109833971903,0.668638397011529,0.0009
20,0.6699276270792466,0.747093023255814,0.8170944580173127,0.6666666666666666,0.5555555555555556,0.6659727682483322,0.0009
21,0.6669615175988939,0.7432170542635659,0.8045095385719533,0.6791187739463601,0.5721583652618135,0.6784602636263484,0.0009
22,0.6525561004029996,0.7464470284237726,0.7890438517391454,0.685823754789272,0.5810983397190294,0.6858398143940548,0.0009
23,0.6203463490311182,0.7600129198966409,0.8092250042948229,0.6695402298850575,0.5593869731800767,0.6690183861317691,0.0009
24,0.6276357132335042,0.7596899224806202,0.784316365746246,0.6848659003831418,0.5798212005108556,0.6850540203681195,0.0009
25,0.6238890993348696,0.7583979328165374,0.770961934122546,0.6934865900383141,0.5913154533844189,0.6933728169673536,0.0009
26,0.6066158478574235,0.772609819121447,0.7608775103685956,0.696360153256705,0.59514687100894,0.695797052278637,0.0009
27,0.6092368273463976,0.7774547803617571,0.7751018226831808,0.6906130268199234,0.5874840357598978,0.6909710671530452,0.0009
28,0.5938221773743938,0.771640826873385,0.7809515323675456,0.6896551724137931,0.5862068965517242,0.689765124717656,0.0009
29,0.5942321747772453,0.772609819121447,0.7632495859116887,0.6934865900383141,0.5913154533844189,0.6934873374317803,0.0009
30,0.5957108176955881,0.7690568475452196,0.7779787694357364,0.6954022988505747,0.5938697318007663,0.6955006102342687,0.0009
31,0.5836369942016996,0.7758397932816538,0.7657226787673103,0.7068965517241379,0.6091954022988506,0.7068068439497011,0.0009
32,0.5840828135340097,0.7732558139534884,0.7615776856740316,0.6944444444444444,0.5925925925925926,0.6941128298216273,0.0009
33,0.5755192883100928,0.7797157622739018,0.7635824654065786,0.696360153256705,0.59514687100894,0.696334855874077,0.0009
34,0.5587388229308511,0.7813307493540051,0.7579327230252525,0.6954022988505747,0.5938697318007663,0.6952995408417685,0.0009
35,0.5634968858356624,0.7810077519379846,0.7637826866573758,0.6915708812260536,0.5887611749680715,0.6912145845976768,0.0009
36,0.5502972658290419,0.789405684754522,0.7620785210096059,0.7030651340996169,0.6040868454661559,0.7025324268640296,0.0009
37,0.5644765761933586,0.7890826873385013,0.7609206891379594,0.6982758620689655,0.5977011494252873,0.6984088351876814,0.0009
38,0.5534721380364371,0.7868217054263565,0.7695872518751357,0.6886973180076629,0.5849297573435505,0.6887033090723831,0.0009
39,0.5437790156950938,0.7890826873385013,0.7549144931679941,0.7078544061302682,0.6104725415070242,0.7077452430247462,0.0009
40,0.5409848320391751,0.8000645994832042,0.7466436492072211,0.7088122605363985,0.611749680715198,0.708581454436554,0.0009
41,0.5307780548891664,0.7971576227390181,0.7479264226909799,0.7001915708812261,0.6002554278416348,0.7000719130744224,0.0009
42,0.5399355016629517,0.7910206718346253,0.7396710642909639,0.7088122605363985,0.611749680715198,0.7087598697693166,0.0009
43,0.5311680596312195,0.7955426356589147,0.7601931523317578,0.6886973180076629,0.5849297573435505,0.6887162953332974,0.0009
44,0.523985888452801,0.7926356589147286,0.7430127315594319,0.7136015325670498,0.6181353767560664,0.7133639734130168,0.0009
45,0.49340450093727706,0.8178294573643411,0.7606233353815773,0.6973180076628352,0.5964240102171137,0.6966727494154961,0.0009
46,0.5353353530245542,0.7948966408268734,0.7685520887603248,0.6906130268199234,0.5874840357598978,0.6899003438446952,0.0009
47,0.5202054151114875,0.8032945736434108,0.7350337166210701,0.7155172413793104,0.6206896551724138,0.7152923805099849,0.0009
48,0.5350184381316182,0.7900516795865633,0.7577889613036451,0.6954022988505747,0.5938697318007663,0.6956160714240152,0.0009
49,0.49780236550387796,0.812984496124031,0.7536411413287751,0.7136015325670498,0.6181353767560664,0.7129108665967668,0.0009
50,0.5181466220885285,0.8074935400516796,0.7492250071631538,0.7059386973180076,0.6079182630906769,0.7054228081121765,0.0009
51,0.501461130242015,0.8087855297157622,0.7462380133369416,0.7030651340996169,0.6040868454661559,0.7034457285481583,0.0009
52,0.5112017550209697,0.8097545219638242,0.7370036525287847,0.6992337164750958,0.598978288633461,0.6993280737333099,0.0009
53,0.5050006635891374,0.8091085271317829,0.7665459436018348,0.6954022988505747,0.5938697318007663,0.6947220873479483,0.0009
54,0.5012958762873667,0.8055555555555556,0.7681332703294426,0.6915708812260536,0.5887611749680715,0.6911727896580926,0.0009
55,0.4862149101357127,0.8158914728682171,0.7718126470101747,0.6925287356321839,0.5900383141762452,0.6925584897491174,0.0009
56,0.5030510634260892,0.8000645994832042,0.7608137062226219,0.7030651340996169,0.6040868454661559,0.7030957881615466,0.0009
57,0.49147426157958746,0.8162144702842378,0.752126273638444,0.7011494252873564,0.6015325670498084,0.701200105389133,0.0009
58,0.5061935947230928,0.7968346253229974,0.8034235965246441,0.6867816091954023,0.5823754789272031,0.6855691964087924,0.0009
59,0.505856323919863,0.8058785529715762,0.7695162934590116,0.696360153256705,0.59514687100894,0.6963130169593231,0.0009
60,0.5002806433103497,0.8023255813953488,0.7571506446577123,0.6944444444444444,0.5925925925925926,0.6940894108400454,0.0009
61,0.48928965416373515,0.8078165374677002,0.7496914119099292,0.7011494252873564,0.6015325670498084,0.7009745730796558,0.0009
62,0.4898996271520314,0.810077519379845,0.7433518187296345,0.7049808429118773,0.6066411238825031,0.7048842359593778,0.0009
63,0.4895109058350556,0.8065245478036176,0.7466129948352945,0.6973180076628352,0.5964240102171137,0.6975598522887689,0.0009
64,0.47989706953058564,0.8152454780361758,0.7508796679562536,0.7021072796934866,0.6028097062579821,0.7017072926097185,0.0009
65,0.4622589986607702,0.8310723514211886,0.7709147900457126,0.6982758620689655,0.5977011494252873,0.6978977218194642,0.0009
66,0.4765767132435042,0.8184754521963824,0.7516578793297326,0.710727969348659,0.6143039591315453,0.7109008423106042,0.0009
67,0.4880120674923101,0.8142764857881137,0.7621570777619022,0.7049808429118773,0.6066411238825031,0.7045613447008771,0.0009
68,0.4796667122101599,0.812984496124031,0.7334036843073323,0.7126436781609196,0.6168582375478927,0.7125550199477556,0.0009
69,0.4730560441503845,0.814922480620155,0.7464622284260746,0.7088122605363985,0.611749680715198,0.7086294841786771,0.0009
70,0.4851176778783478,0.8145994832041343,0.7556921309894986,0.7068965517241379,0.6091954022988506,0.7065485413033858,0.0009
71,0.481428261721165,0.8210594315245479,0.742101549417123,0.7059386973180076,0.6079182630906769,0.7059724950700343,0.0009
72,0.4587823321961001,0.8252583979328165,0.7518884871882954,0.7030651340996169,0.6040868454661559,0.7031095634765822,0.0009
73,0.4470185769928826,0.8307493540051679,0.7374243659763043,0.7097701149425287,0.6130268199233717,0.7097415917599708,0.0009
74,0.45484399133258396,0.8220284237726099,0.7516613881249994,0.7136015325670498,0.6181353767560664,0.7134766811508264,0.0009
75,0.46906207143798356,0.8229974160206718,0.7328313901963361,0.710727969348659,0.6143039591315453,0.7106869942874733,0.0009
76,0.468764425556173,0.8242894056847545,0.7461042762716155,0.7126436781609196,0.6168582375478927,0.712288569877833,0.0009
77,0.4616161199811201,0.8242894056847545,0.7570853742603141,0.7097701149425287,0.6130268199233717,0.7095147646211553,0.0009
78,0.4633447620295739,0.8255813953488372,0.7407225551961483,0.7078544061302682,0.6104725415070242,0.7071407580842337,0.0009
79,0.47106061810362865,0.8158914728682171,0.7546730639834057,0.7059386973180076,0.6079182630906769,0.7055803476138925,0.0009
80,0.46916039122475517,0.8158914728682171,0.742053492087514,0.7126436781609196,0.6168582375478927,0.7127450962740761,0.0009
81,0.4483937872934711,0.8281653746770026,0.765648816280438,0.7068965517241379,0.6091954022988506,0.7060932893876553,0.0009
82,0.4457267815444513,0.8291343669250646,0.7287803042209011,0.7222222222222222,0.6296296296296297,0.7222199792687658,0.0009
83,0.4462155839115458,0.8220284237726099,0.7499623958635148,0.7049808429118773,0.6066411238825031,0.7046803961808198,0.0009
84,0.45501277674692236,0.8175064599483204,0.7376843303784557,0.7011494252873564,0.6015325670498084,0.7012326045550928,0.0009
85,0.4603601723370318,0.8255813953488372,0.7434639384920113,0.7001915708812261,0.6002554278416348,0.700019507533516,0.0009
86,0.44271200229185187,0.8294573643410853,0.7451596366262984,0.7183908045977011,0.6245210727969348,0.7184500052719689,0.0009
87,0.4493364044092114,0.8271963824289406,0.7434454394711388,0.7126436781609196,0.6168582375478927,0.7124484523874106,0.0009
88,0.4492708735687788,0.8281653746770026,0.7647342058433884,0.7021072796934866,0.6028097062579821,0.7017322835226281,0.0009
89,0.44800905840957506,0.8307493540051679,0.741739622135272,0.7155172413793104,0.6206896551724138,0.7154977186073775,0.0009
90,0.4535295766145376,0.8262273901808785,0.7420950173418184,0.7145593869731801,0.6194125159642401,0.7145624001383843,0.0009
91,0.4601992846151347,0.8239664082687338,0.7428683615735664,0.7088122605363985,0.611749680715198,0.7084923914562612,0.0009
92,0.44978491965806455,0.8281653746770026,0.7378629623016635,0.7145593869731801,0.6194125159642401,0.7143535605346629,0.0009
93,0.4344668281324766,0.8304263565891473,0.7512945804559408,0.710727969348659,0.6143039591315453,0.7106476580686132,0.0009
94,0.4438306670010244,0.8339793281653747,0.8031882762452195,0.685823754789272,0.5810983397190294,0.6847161191057292,0.0009
95,0.4533617412551121,0.8233204134366925,0.7834976411413872,0.7068965517241379,0.6091954022988506,0.7060121579790444,0.0009
96,0.43940131223787016,0.8391472868217055,0.7551794780625237,0.7068965517241379,0.6091954022988506,0.7065241282157902,0.0009
97,0.44041739315641637,0.8307493540051679,0.7432719542148927,0.7164750957854407,0.6219667943805876,0.7164811457440918,0.0009
98,0.454831904681154,0.8284883720930233,0.7499600634035937,0.7078544061302682,0.6104725415070242,0.7075841807938157,0.0009
99,0.43862487587509846,0.8284883720930233,0.7323703400476682,0.7183908045977011,0.6245210727969348,0.7183354421408994,0.0009
100,0.4416944647944251,0.8278423772609819,0.7466926747126598,0.7116858237547893,0.615581098339719,0.711494356455461,0.0009
101,0.4420881356071748,0.8281653746770026,0.739313365170782,0.7136015325670498,0.6181353767560664,0.7133902810550069,0.0009
102,0.43206408319547196,0.8359173126614987,0.7321462405139002,0.7203065134099617,0.6270753512132823,0.7203832680842737,0.0009
103,0.431241123559247,0.8330103359173127,0.7420173579705629,0.710727969348659,0.6143039591315453,0.7108061161267482,0.0009
104,0.40897366204311064,0.8446382428940569,0.7483571855729567,0.7126436781609196,0.6168582375478927,0.7126208378850865,0.0009
105,0.41928736938678635,0.8320413436692506,0.737394478585985,0.7155172413793104,0.6206896551724138,0.7153179201192857,0.0009
106,0.4303487784178682,0.833656330749354,0.7348680979218977,0.7155172413793104,0.6206896551724138,0.7154725794410027,0.0009
107,0.43757208219178273,0.8313953488372093,0.7622664212267061,0.7068965517241379,0.6091954022988506,0.7062558341782117,0.0009
108,0.4356294596226024,0.8333333333333334,0.7956506687562585,0.6944444444444444,0.5925925925925926,0.692584540857955,0.0009
109,0.43180709114678456,0.8407622739018088,0.7535867407860883,0.7145593869731801,0.6194125159642401,0.7139851855661032,0.0009
110,0.4284673162208971,0.8330103359173127,0.7655346427840748,0.7203065134099617,0.6270753512132823,0.7200474673067523,0.0009
111,0.4326738591958078,0.833656330749354,0.7507406403506852,0.7059386973180076,0.6079182630906769,0.7059469180563924,0.0009
112,0.41437334538430204,0.8397932816537468,0.7620998775136882,0.710727969348659,0.6143039591315453,0.710270620389508,0.0009
113,0.40432377710206874,0.8407622739018088,0.7581390994261965,0.7097701149425287,0.6130268199233717,0.7098301103421572,0.0009
114,0.4156953415975398,0.8410852713178295,0.7564678894377302,0.7241379310344828,0.632183908045977,0.7238917652959039,0.0009
115,0.3934699016640045,0.8520671834625323,0.752112234118341,0.7183908045977011,0.6245210727969348,0.7184746268647891,0.0009
116,0.4413172554138095,0.8284883720930233,0.7560295482019812,0.7126436781609196,0.6168582375478927,0.7121872709074437,0.0009
117,0.4224141295566115,0.8359173126614987,0.7419997502789186,0.7164750957854407,0.6219667943805876,0.716297575056767,0.0009
118,0.4208992194836762,0.835594315245478,0.759898829391633,0.710727969348659,0.6143039591315453,0.7092976372078603,0.0009
119,0.41856893061513434,0.8436692506459949,0.7933520345852293,0.6982758620689655,0.5977011494252873,0.6969699222118899,0.0009
120,0.4051352681000103,0.8368863049095607,0.7712174857256513,0.7011494252873564,0.6015325670498084,0.7009723224367703,0.0009
121,0.42613129129089433,0.8410852713178295,0.7482312212045166,0.7203065134099617,0.6270753512132823,0.7203010955044725,0.0009
122,0.42065363098176567,0.8333333333333334,0.7935290464496247,0.696360153256705,0.59514687100894,0.6961437639748387,0.0009
123,0.4111641054005586,0.8410852713178295,0.7664563748343237,0.710727969348659,0.6143039591315453,0.710055521280865,0.0009
124,0.389445426313144,0.8433462532299741,0.7486640488964388,0.7174329501915708,0.6232439335887612,0.7174274984059881,0.0009
125,0.41055449392906457,0.83656330749354,0.7682480617958011,0.7116858237547893,0.615581098339719,0.7112089610250347,0.0009
126,0.40578238662207156,0.8427002583979328,0.7603304837170232,0.7164750957854407,0.6219667943805876,0.7163751852350566,0.0009
127,0.4215014153364709,0.8368863049095607,0.7504140965326536,0.7231800766283525,0.6309067688378034,0.7233194962166924,0.0009
128,0.4025437910427419,0.8459302325581395,0.7709038020093779,0.7068965517241379,0.6091954022988506,0.7066731602149368,0.0009
129,0.4166263982615114,0.8394702842377261,0.7578334522886752,0.7164750957854407,0.6219667943805876,0.7162384652067477,0.0009
130,0.39533780719266687,0.8475452196382429,0.7975001262065551,0.710727969348659,0.6143039591315453,0.7101189494782694,0.0009
131,0.40933783102097127,0.8394702842377261,0.7521871967790684,0.7183908045977011,0.6245210727969348,0.7180838467858344,0.0009
132,0.41879908436336566,0.8394702842377261,0.7551026026864618,0.7040229885057471,0.6053639846743295,0.7034123152066516,0.0009
133,0.40604819076313836,0.8498062015503876,0.7615547060281381,0.7155172413793104,0.6206896551724138,0.7149747689350326,0.0009
134,0.4384634145162518,0.8284883720930233,0.7658581226721577,0.7174329501915708,0.6232439335887612,0.7172292267282476,0.0009
135,0.39691186020540636,0.8452842377260982,0.7675230795396242,0.7078544061302682,0.6104725415070242,0.7075585140576037,0.0009
136,0.4256371516898005,0.8404392764857881,0.7526770817594053,0.7203065134099617,0.6270753512132823,0.7198048739602088,0.0009
137,0.40392855225607405,0.8472222222222222,0.7687499885129746,0.7270114942528736,0.6360153256704981,0.7267306932472009,0.0009
138,0.41563415323271,0.8404392764857881,0.786262060033864,0.7068965517241379,0.6091954022988506,0.7063817060707267,0.0009
139,0.412823569867038,0.8423772609819121,0.7810383142182653,0.7203065134099617,0.6270753512132823,0.720130393438721,0.0009
140,0.40199557863156615,0.849483204134367,0.7529282084598395,0.7231800766283525,0.6309067688378034,0.7229250302501522,0.0009
141,0.3887324762898822,0.8449612403100775,0.7715299812313241,0.7126436781609196,0.6168582375478927,0.7125698527927796,0.0009
142,0.4008950998462756,0.8430232558139535,0.749018217183621,0.7155172413793104,0.6206896551724138,0.7154165151098597,0.0009
143,0.38393679295861444,0.8465762273901809,0.7769526246635393,0.7040229885057471,0.6053639846743295,0.7030026625357693,0.0009
144,0.4007782929165419,0.8498062015503876,0.7620577988039945,0.710727969348659,0.6143039591315453,0.7101627882008412,0.0009
145,0.4128412657082851,0.83656330749354,0.7808895436511643,0.7040229885057471,0.6053639846743295,0.703622929718392,0.0009
146,0.3965319113406408,0.850452196382429,0.755739027284571,0.7068965517241379,0.6091954022988506,0.7064680359281837,0.0009
147,0.39243360383566034,0.8433462532299741,0.7822313153424025,0.7097701149425287,0.6130268199233717,0.7093734414212753,0.0009
148,0.4112582042697788,0.838501291989664,0.7606522881664992,0.7049808429118773,0.6066411238825031,0.7044257977915013,0.0009
149,0.3990920308101393,0.852390180878553,0.753624325282729,0.7212643678160919,0.6283524904214559,0.721208422936019,0.0009
150,0.4030364136517202,0.8459302325581395,0.7414353929488595,0.7279693486590039,0.6372924648786717,0.7278852362838413,0.0009
151,0.3915858488982346,0.849483204134367,0.767273001058805,0.7136015325670498,0.6181353767560664,0.7132040205578888,0.0009
152,0.397575692420474,0.8465762273901809,0.7663511643007798,0.7097701149425287,0.6130268199233717,0.7096316714367368,0.0009
153,0.40129540410152703,0.8475452196382429,0.7802621206104527,0.7097701149425287,0.6130268199233717,0.7090821296382774,0.0009
154,0.39700777077859684,0.850452196382429,0.7752935943475628,0.7068965517241379,0.6091954022988506,0.7063566014316724,0.0009
155,0.41049759933190755,0.8436692506459949,0.7808099017974517,0.7097701149425287,0.6130268199233717,0.7090822477509664,0.0009
156,0.3946536777093429,0.8423772609819121,0.8014881512671138,0.6992337164750958,0.598978288633461,0.6984881152193634,0.0009
157,0.4049453958291416,0.8446382428940569,0.7481197924906267,0.7212643678160919,0.6283524904214559,0.7210894644731103,0.0009
158,0.3981162814822924,0.8501291989664083,0.7589229303073153,0.7136015325670498,0.6181353767560664,0.7134711472107764,0.0009
159,0.3996584564832446,0.8488372093023255,0.7641671245125519,0.7136015325670498,0.6181353767560664,0.7131507306272602,0.0009
160,0.4012946419475615,0.8452842377260982,0.7568506484287452,0.710727969348659,0.6143039591315453,0.7102557628316447,0.0009
161,0.3990531814806837,0.8404392764857881,0.7621154235925711,0.7116858237547893,0.615581098339719,0.711506778086555,0.0009
162,0.38912824466246965,0.8536821705426356,0.7587256189507087,0.7241379310344828,0.632183908045977,0.7239056971162062,0.0009
163,0.374815645374993,0.853359173126615,0.7469714264531702,0.7222222222222222,0.6296296296296297,0.7221922125405412,0.0009
164,0.38873707801488633,0.8565891472868217,0.7568602700114707,0.7193486590038314,0.6257982120051085,0.7188925784222918,0.0009
165,0.37618152824175144,0.850452196382429,0.7490702121878949,0.7212643678160919,0.6283524904214559,0.7209773191640818,0.0009
166,0.3798031964043314,0.8601421188630491,0.75686408368107,0.7241379310344828,0.632183908045977,0.7236213095666081,0.0009
167,0.37794386093006577,0.8582041343669251,0.7544994027678538,0.7212643678160919,0.6283524904214559,0.7210039720515122,0.0009
168,0.38194861299615807,0.8510981912144703,0.7749509245043057,0.7155172413793104,0.6206896551724138,0.7147678555010308,0.0009
169,0.37959235278980985,0.8472222222222222,0.7861493380590417,0.7049808429118773,0.6066411238825031,0.7045498025210353,0.0009
170,0.37330138929746565,0.8491602067183462,0.7721247488054735,0.7203065134099617,0.6270753512132823,0.7197177674017495,0.0009
171,0.36594985629545007,0.8575581395348837,0.7646211781949376,0.7059386973180076,0.6079182630906769,0.7057522477906768,0.0009
172,0.3736526976876173,0.8640180878552972,0.7731688869867288,0.7164750957854407,0.6219667943805876,0.7156187785371683,0.0009
173,0.38434713385825936,0.8468992248062015,0.7702939937397895,0.7183908045977011,0.6245210727969348,0.7185508753831373,0.0009
174,0.36937892352271756,0.8640180878552972,0.7549305639276103,0.7212643678160919,0.6283524904214559,0.7208382159450681,0.0009
175,0.38467941589133686,0.8517441860465116,0.7847274223278309,0.7155172413793104,0.6206896551724138,0.7152296665483924,0.0009
176,0.3798516153596168,0.8582041343669251,0.7636943075848722,0.7318007662835249,0.6424010217113665,0.7315091807057655,0.0009
177,0.37668088879388123,0.8546511627906976,0.7687297735177694,0.7270114942528736,0.6360153256704981,0.7268917622945672,0.0009
178,0.35911485287108164,0.8578811369509044,0.7687429615592591,0.7155172413793104,0.6206896551724138,0.7154257600661018,0.0009
179,0.372036104054414,0.851421188630491,0.7914323219851059,0.7088122605363985,0.611749680715198,0.7081790252501077,0.0009
180,0.38747144862046845,0.8549741602067183,0.7545946493916128,0.710727969348659,0.6143039591315453,0.7103801115065894,0.0009
181,0.38018901511372216,0.8449612403100775,0.7828561427264378,0.7164750957854407,0.6219667943805876,0.7159911167081252,0.0009
182,0.40217077316239824,0.8510981912144703,0.7894250596391743,0.7049808429118773,0.6066411238825031,0.7047594109503534,0.0009
183,0.3858871205062521,0.851421188630491,0.7771954528445029,0.7203065134099617,0.6270753512132823,0.719977781018166,0.0009
184,0.3860298352032053,0.8520671834625323,0.7509990733587879,0.7155172413793104,0.6206896551724138,0.7155458954938588,0.0009
185,0.3734672344470209,0.8624031007751938,0.772784652609478,0.7078544061302682,0.6104725415070242,0.7078296101138106,0.0009
186,0.38956440873540343,0.8510981912144703,0.7789186287200314,0.7021072796934866,0.6028097062579821,0.7012884126242513,0.0009
187,0.38672727461933165,0.8456072351421189,0.7675352199324246,0.7088122605363985,0.611749680715198,0.7084891022626787,0.0009
188,0.3907688428342188,0.8498062015503876,0.7769429448463908,0.7145593869731801,0.6194125159642401,0.7140969835337404,0.0009
189,0.38240362946377243,0.8443152454780362,0.7745665103996394,0.7126436781609196,0.6168582375478927,0.7124885935831957,0.0009
190,0.375623037456234,0.8552971576227391,0.7747933800649826,0.7078544061302682,0.6104725415070242,0.707258267378752,0.0009
191,0.3764445073998868,0.8556201550387597,0.7861416394683136,0.7126436781609196,0.6168582375478927,0.712270511759257,0.0009
192,0.37315152958998077,0.8498062015503876,0.8013262257722146,0.7021072796934866,0.6028097062579821,0.7017963753319494,0.0009
193,0.3823890193180212,0.8507751937984496,0.7801117652677485,0.7097701149425287,0.6130268199233717,0.7093075768953369,0.0009
194,0.37433900589782754,0.8527131782945736,0.7530417992694168,0.7164750957854407,0.6219667943805876,0.7166270622692312,0.0009
195,0.3842665227731685,0.8559431524547804,0.7660683641260154,0.7136015325670498,0.6181353767560664,0.7137187820486803,0.0009
196,0.38173835822778157,0.8536821705426356,0.7695339767412207,0.7155172413793104,0.6206896551724138,0.7152225511402147,0.0009
197,0.3743774979459531,0.8562661498708011,0.7758666525855376,0.7155172413793104,0.6206896551724138,0.7152176995487504,0.0009
198,0.3641827327490469,0.8630490956072352,0.7530293844897171,0.7231800766283525,0.6309067688378034,0.723185383798843,0.0009
199,0.37264364880800865,0.8585271317829457,0.8110853318282014,0.710727969348659,0.6143039591315453,0.7106303527218368,0.0009
200,0.36078779950006373,0.8588501291989664,0.7609045773858768,0.7193486590038314,0.6257982120051085,0.7191861718921454,0.0009
201,0.3811935043920226,0.8510981912144703,0.776498335417203,0.7155172413793104,0.6206896551724138,0.7145128172920623,0.0009
202,0.3849203156870465,0.8510981912144703,0.7583879338598799,0.7116858237547893,0.615581098339719,0.7115209994448952,0.0009
203,0.3730758189846995,0.8598191214470284,0.7587148011644225,0.7183908045977011,0.6245210727969348,0.7179039549805646,0.0009
204,0.3659402959491547,0.8611111111111112,0.7678623516897589,0.7174329501915708,0.6232439335887612,0.7171429227198799,0.0009
205,0.36201064146150297,0.8649870801033591,0.7760172939620256,0.7164750957854407,0.6219667943805876,0.7160691047194114,0.0009
206,0.3695296797641488,0.850452196382429,0.7592837473670185,0.7126436781609196,0.6168582375478927,0.7124105655867585,0.0009
207,0.37249487657725655,0.8594961240310077,0.7622505445818335,0.7088122605363985,0.611749680715198,0.7087855162855163,0.0009
208,0.38544605518342295,0.8530361757105943,0.7717606748429294,0.7174329501915708,0.6232439335887612,0.717005428303488,0.0009
209,0.37068781279778296,0.8620801033591732,0.7749614882286481,0.7078544061302682,0.6104725415070242,0.7073147176649972,0.0009
210,0.35807694891318487,0.8633720930232558,0.7662949013984066,0.7116858237547893,0.615581098339719,0.7112477669613895,0.0009
211,0.355093456361953,0.8688630490956072,0.793127624696242,0.7136015325670498,0.6181353767560664,0.7135092173921179,0.0009
212,0.3722123096309583,0.854328165374677,0.7533667535160693,0.710727969348659,0.6143039591315453,0.7104077370593207,0.0009
213,0.36199477056970275,0.8666020671834626,0.7613821269451887,0.7155172413793104,0.6206896551724138,0.7154985501796305,0.0009
214,0.3818277036650852,0.8459302325581395,0.7721118611850958,0.7193486590038314,0.6257982120051085,0.7190840775920349,0.0009
215,0.36588632013138567,0.8540051679586563,0.7652130108683503,0.7164750957854407,0.6219667943805876,0.7161464132458673,0.0009
216,0.3754340377118852,0.850452196382429,0.7798880546485784,0.7078544061302682,0.6104725415070242,0.7078114260940285,0.0009
217,0.39183628728531433,0.8472222222222222,0.7557051378191659,0.7155172413793104,0.6206896551724138,0.7150719936145331,0.0009
218,0.3739510870103072,0.8546511627906976,0.7747859386191971,0.7068965517241379,0.6091954022988506,0.7061761134594018,0.0009
219,0.3558370078256888,0.8604651162790697,0.7702243398889271,0.7174329501915708,0.6232439335887612,0.7169633021329989,0.0009
220,0.35818191257712145,0.8601421188630491,0.7912738669192654,0.7049808429118773,0.6066411238825031,0.7044613527978234,0.0009
221,0.3719193129884488,0.8572351421188631,0.8080910314088581,0.710727969348659,0.6143039591315453,0.7099897499419443,0.0009
222,0.37428287665049237,0.8601421188630491,0.7584732677287982,0.7222222222222222,0.6296296296296297,0.7220355921827804,0.0009
223,0.3540265553219374,0.8562661498708011,0.7922103012201887,0.7059386973180076,0.6079182630906769,0.7054047407342234,0.0009
224,0.3644295069906447,0.8649870801033591,0.7898695158318998,0.7126436781609196,0.6168582375478927,0.7126182790497931,0.0009
225,0.3851058485434037,0.853359173126615,0.8048469067990095,0.7097701149425287,0.6130268199233717,0.7090481810337372,0.0009
226,0.3617108918976722,0.8552971576227391,0.7578209832710324,0.7203065134099617,0.6270753512132823,0.7202726255388914,0.0009
