channel_index,channel_name,group,effective_gate
0,Fz,other,0.9969603419303894
1,FC3,sensorimotor,1.0038273334503174
2,FC1,other,1.0061863660812378
3,FCz,sensorimotor,0.9993523955345154
4,FC2,other,1.0026578903198242
5,FC4,sensorimotor,0.9962471127510071
6,C5,other,1.0017569065093994
7,C3,sensorimotor,0.995769739151001
8,C1,other,0.9953806400299072
9,Cz,sensorimotor,1.0059384107589722
10,C2,other,1.0014605522155762
11,C4,sensorimotor,1.0027391910552979
12,C6,other,0.995329737663269
13,CP3,sensorimotor,1.003710150718689
14,CP1,other,1.000119686126709
15,CPz,sensorimotor,0.9964883327484131
16,CP2,other,1.0022021532058716
17,CP4,sensorimotor,1.0104950666427612
18,P1,posterior,1.0020830631256104
19,Pz,posterior,0.9941283464431763
20,P2,posterior,0.9898043870925903
21,POz,posterior,0.9986155033111572
