channel_index,channel_name,group,raw_gate
0,Fz,other,-0.03752672299742699
1,FC3,sensorimotor,0.02789662405848503
2,FC1,other,0.008366609923541546
3,FCz,sensorimotor,-0.0013224463909864426
4,FC2,other,-0.005008330103009939
5,FC4,sensorimotor,-0.04483392834663391
6,C5,other,-0.028527000918984413
7,C3,sensorimotor,0.019795656204223633
8,C1,other,-0.02457873336970806
9,Cz,sensorimotor,-0.0062057883478701115
10,C2,other,0.03652083873748779
11,C4,sensorimotor,-0.0176986251026392
12,C6,other,0.011475957930088043
13,CP3,sensorimotor,-0.02546466514468193
14,CP1,other,0.006046742666512728
15,CPz,sensorimotor,-0.013480475172400475
16,CP2,other,0.0059205531142652035
17,CP4,sensorimotor,0.018012044951319695
18,P1,posterior,0.03120977245271206
19,Pz,posterior,-0.001559958211146295
20,P2,posterior,0.03263132646679878
21,POz,posterior,0.014873888343572617
