subject_id,mean_test_acc,std_test_acc,mean_test_kappa,std_test_kappa,num_runs
A01,0.5259786476868327,0.07903240792877615,0.3680698502231431,0.10514684639603711,5
A02,0.423321554770318,0.06362386819251321,0.23145222695951295,0.08479544024275923,5
A03,0.5084249084249084,0.12319896269349688,0.3447475357760901,0.1642130838949026,5
A04,0.4078947368421052,0.08628208584607895,0.20714659766491583,0.11789730971321624,5
A05,0.494927536231884,0.09171749178143038,0.3270769783769928,0.1229058679040142,5
A06,0.347906976744186,0.024479436961750298,0.12959999536696487,0.03281322475301525,5
A07,0.5790613718411552,0.014121016040150132,0.43852339495330117,0.01888391541883863,5
A08,0.48708487084870844,0.05192342169546231,0.3154418830464386,0.0694510227056406,5
A09,0.43560606060606055,0.06177843344810641,0.24721877267204234,0.08172074609931958,5
