subject_id,train_session,test_session,config_name,model_type,lambda_rule,seed,split_seed,val_mode,selection_metric,train_size,validation_size,test_size,best_val_acc,best_val_kappa,best_epoch,final_train_acc,final_val_acc,test_acc,test_loss,test_kappa,macro_f1,R_SM_sum,R_POST_sum,R_OTHER_sum,R_SM_mean,R_POST_mean,R_OTHER_mean,R_SM_mean_minus_POST_mean,raw_channel_gates_csv,effective_channel_gates_csv,normalized_channel_gates_csv,channel_gates_csv,summary_json,checkpoint_best_path
A01,T,E,lr_high,eegnet_gates_no_rule,0.0,2024,42,stratified_trialwise,val_acc,218,55,281,0.4727272727272727,0.29455992923485186,16,1.0,0.41818181818181815,0.3594306049822064,1.314517839523397,0.14533380645815375,0.35279827438328776,8.988776206970215,4.011975288391113,8.986210823059082,0.9987528920173645,1.0029938220977783,0.9984678626060486,-0.004240930080413818,/home/m1tus/diana/TFM_Neuro_Symbolic/experiments_mi_ltn/runs/eegnet_gates_subject_session_artifact_free/logic_runs/eegnet_gates_no_rule_artifact_free_seed2024_split42/subjects/A01/raw_channel_gates.csv,/home/m1tus/diana/TFM_Neuro_Symbolic/experiments_mi_ltn/runs/eegnet_gates_subject_session_artifact_free/logic_runs/eegnet_gates_no_rule_artifact_free_seed2024_split42/subjects/A01/effective_channel_gates.csv,/home/m1tus/diana/TFM_Neuro_Symbolic/experiments_mi_ltn/runs/eegnet_gates_subject_session_artifact_free/logic_runs/eegnet_gates_no_rule_artifact_free_seed2024_split42/subjects/A01/normalized_channel_gates.csv,/home/m1tus/diana/TFM_Neuro_Symbolic/experiments_mi_ltn/runs/eegnet_gates_subject_session_artifact_free/logic_runs/eegnet_gates_no_rule_artifact_free_seed2024_split42/subjects/A01/channel_gates.csv,/home/m1tus/diana/TFM_Neuro_Symbolic/experiments_mi_ltn/runs/eegnet_gates_subject_session_artifact_free/logic_runs/eegnet_gates_no_rule_artifact_free_seed2024_split42/subjects/A01/summary.json,/home/m1tus/diana/TFM_Neuro_Symbolic/experiments_mi_ltn/runs/eegnet_gates_subject_session_artifact_free/logic_runs/eegnet_gates_no_rule_artifact_free_seed2024_split42/subjects/A01/checkpoint_best.pt
A02,T,E,lr_high,eegnet_gates_no_rule,0.0,2024,42,stratified_trialwise,val_acc,216,54,283,0.5370370370370371,0.3824336688014639,81,0.9953703703703703,0.5185185185185185,0.4876325088339223,1.46372034018958,0.31727809666417106,0.4865897851340679,8.989086151123047,4.034704208374023,8.944795608520508,0.9987873435020447,1.0086760520935059,0.9938662052154541,-0.009888708591461182,/home/m1tus/diana/TFM_Neuro_Symbolic/experiments_mi_ltn/runs/eegnet_gates_subject_session_artifact_free/logic_runs/eegnet_gates_no_rule_artifact_free_seed2024_split42/subjects/A02/raw_channel_gates.csv,/home/m1tus/diana/TFM_Neuro_Symbolic/experiments_mi_ltn/runs/eegnet_gates_subject_session_artifact_free/logic_runs/eegnet_gates_no_rule_artifact_free_seed2024_split42/subjects/A02/effective_channel_gates.csv,/home/m1tus/diana/TFM_Neuro_Symbolic/experiments_mi_ltn/runs/eegnet_gates_subject_session_artifact_free/logic_runs/eegnet_gates_no_rule_artifact_free_seed2024_split42/subjects/A02/normalized_channel_gates.csv,/home/m1tus/diana/TFM_Neuro_Symbolic/experiments_mi_ltn/runs/eegnet_gates_subject_session_artifact_free/logic_runs/eegnet_gates_no_rule_artifact_free_seed2024_split42/subjects/A02/channel_gates.csv,/home/m1tus/diana/TFM_Neuro_Symbolic/experiments_mi_ltn/runs/eegnet_gates_subject_session_artifact_free/logic_runs/eegnet_gates_no_rule_artifact_free_seed2024_split42/subjects/A02/summary.json,/home/m1tus/diana/TFM_Neuro_Symbolic/experiments_mi_ltn/runs/eegnet_gates_subject_session_artifact_free/logic_runs/eegnet_gates_no_rule_artifact_free_seed2024_split42/subjects/A02/checkpoint_best.pt
A03,T,E,lr_high,eegnet_gates_no_rule,0.0,2024,42,stratified_trialwise,val_acc,216,54,273,0.5555555555555556,0.40848927430397086,20,0.9953703703703703,0.42592592592592593,0.43223443223443225,1.2188370009481688,0.24268456375838932,0.4294119304802704,9.050724983215332,4.014861583709717,8.979904174804688,1.0056360960006714,1.0037153959274292,0.9977671504020691,0.0019207000732421875,/home/m1tus/diana/TFM_Neuro_Symbolic/experiments_mi_ltn/runs/eegnet_gates_subject_session_artifact_free/logic_runs/eegnet_gates_no_rule_artifact_free_seed2024_split42/subjects/A03/raw_channel_gates.csv,/home/m1tus/diana/TFM_Neuro_Symbolic/experiments_mi_ltn/runs/eegnet_gates_subject_session_artifact_free/logic_runs/eegnet_gates_no_rule_artifact_free_seed2024_split42/subjects/A03/effective_channel_gates.csv,/home/m1tus/diana/TFM_Neuro_Symbolic/experiments_mi_ltn/runs/eegnet_gates_subject_session_artifact_free/logic_runs/eegnet_gates_no_rule_artifact_free_seed2024_split42/subjects/A03/normalized_channel_gates.csv,/home/m1tus/diana/TFM_Neuro_Symbolic/experiments_mi_ltn/runs/eegnet_gates_subject_session_artifact_free/logic_runs/eegnet_gates_no_rule_artifact_free_seed2024_split42/subjects/A03/channel_gates.csv,/home/m1tus/diana/TFM_Neuro_Symbolic/experiments_mi_ltn/runs/eegnet_gates_subject_session_artifact_free/logic_runs/eegnet_gates_no_rule_artifact_free_seed2024_split42/subjects/A03/summary.json,/home/m1tus/diana/TFM_Neuro_Symbolic/experiments_mi_ltn/runs/eegnet_gates_subject_session_artifact_free/logic_runs/eegnet_gates_no_rule_artifact_free_seed2024_split42/subjects/A03/checkpoint_best.pt
A04,T,E,lr_high,eegnet_gates_no_rule,0.0,2024,42,stratified_trialwise,val_acc,211,51,228,0.5294117647058824,0.3719856336582863,125,0.995260663507109,0.47058823529411764,0.4517543859649123,2.1563339400709722,0.26701301373386144,0.44120446132555646,9.012298583984375,4.023205280303955,8.9844970703125,1.0013664960861206,1.0058013200759888,0.9982774257659912,-0.004434823989868164,/home/m1tus/diana/TFM_Neuro_Symbolic/experiments_mi_ltn/runs/eegnet_gates_subject_session_artifact_free/logic_runs/eegnet_gates_no_rule_artifact_free_seed2024_split42/subjects/A04/raw_channel_gates.csv,/home/m1tus/diana/TFM_Neuro_Symbolic/experiments_mi_ltn/runs/eegnet_gates_subject_session_artifact_free/logic_runs/eegnet_gates_no_rule_artifact_free_seed2024_split42/subjects/A04/effective_channel_gates.csv,/home/m1tus/diana/TFM_Neuro_Symbolic/experiments_mi_ltn/runs/eegnet_gates_subject_session_artifact_free/logic_runs/eegnet_gates_no_rule_artifact_free_seed2024_split42/subjects/A04/normalized_channel_gates.csv,/home/m1tus/diana/TFM_Neuro_Symbolic/experiments_mi_ltn/runs/eegnet_gates_subject_session_artifact_free/logic_runs/eegnet_gates_no_rule_artifact_free_seed2024_split42/subjects/A04/channel_gates.csv,/home/m1tus/diana/TFM_Neuro_Symbolic/experiments_mi_ltn/runs/eegnet_gates_subject_session_artifact_free/logic_runs/eegnet_gates_no_rule_artifact_free_seed2024_split42/subjects/A04/summary.json,/home/m1tus/diana/TFM_Neuro_Symbolic/experiments_mi_ltn/runs/eegnet_gates_subject_session_artifact_free/logic_runs/eegnet_gates_no_rule_artifact_free_seed2024_split42/subjects/A04/checkpoint_best.pt
A05,T,E,lr_high,eegnet_gates_no_rule,0.0,2024,42,stratified_trialwise,val_acc,210,52,276,0.5,0.33333333333333337,31,0.9952380952380953,0.5,0.45652173913043476,1.235802145971768,0.2775247369247683,0.44438574406397713,8.986150741577148,3.980611801147461,9.03587532043457,0.9984611868858337,0.9951529502868652,1.003986120223999,0.003308236598968506,/home/m1tus/diana/TFM_Neuro_Symbolic/experiments_mi_ltn/runs/eegnet_gates_subject_session_artifact_free/logic_runs/eegnet_gates_no_rule_artifact_free_seed2024_split42/subjects/A05/raw_channel_gates.csv,/home/m1tus/diana/TFM_Neuro_Symbolic/experiments_mi_ltn/runs/eegnet_gates_subject_session_artifact_free/logic_runs/eegnet_gates_no_rule_artifact_free_seed2024_split42/subjects/A05/effective_channel_gates.csv,/home/m1tus/diana/TFM_Neuro_Symbolic/experiments_mi_ltn/runs/eegnet_gates_subject_session_artifact_free/logic_runs/eegnet_gates_no_rule_artifact_free_seed2024_split42/subjects/A05/normalized_channel_gates.csv,/home/m1tus/diana/TFM_Neuro_Symbolic/experiments_mi_ltn/runs/eegnet_gates_subject_session_artifact_free/logic_runs/eegnet_gates_no_rule_artifact_free_seed2024_split42/subjects/A05/channel_gates.csv,/home/m1tus/diana/TFM_Neuro_Symbolic/experiments_mi_ltn/runs/eegnet_gates_subject_session_artifact_free/logic_runs/eegnet_gates_no_rule_artifact_free_seed2024_split42/subjects/A05/summary.json,/home/m1tus/diana/TFM_Neuro_Symbolic/experiments_mi_ltn/runs/eegnet_gates_subject_session_artifact_free/logic_runs/eegnet_gates_no_rule_artifact_free_seed2024_split42/subjects/A05/checkpoint_best.pt
A06,T,E,lr_high,eegnet_gates_no_rule,0.0,2024,42,stratified_trialwise,val_acc,176,43,215,0.4883720930232558,0.3204022988505747,114,1.0,0.46511627906976744,0.3813953488372093,1.8403110337811848,0.17493796526054584,0.3814117431780233,8.995471000671387,4.064413547515869,8.910038948059082,0.9994967579841614,1.0161033868789673,0.990004301071167,-0.016606628894805908,/home/m1tus/diana/TFM_Neuro_Symbolic/experiments_mi_ltn/runs/eegnet_gates_subject_session_artifact_free/logic_runs/eegnet_gates_no_rule_artifact_free_seed2024_split42/subjects/A06/raw_channel_gates.csv,/home/m1tus/diana/TFM_Neuro_Symbolic/experiments_mi_ltn/runs/eegnet_gates_subject_session_artifact_free/logic_runs/eegnet_gates_no_rule_artifact_free_seed2024_split42/subjects/A06/effective_channel_gates.csv,/home/m1tus/diana/TFM_Neuro_Symbolic/experiments_mi_ltn/runs/eegnet_gates_subject_session_artifact_free/logic_runs/eegnet_gates_no_rule_artifact_free_seed2024_split42/subjects/A06/normalized_channel_gates.csv,/home/m1tus/diana/TFM_Neuro_Symbolic/experiments_mi_ltn/runs/eegnet_gates_subject_session_artifact_free/logic_runs/eegnet_gates_no_rule_artifact_free_seed2024_split42/subjects/A06/channel_gates.csv,/home/m1tus/diana/TFM_Neuro_Symbolic/experiments_mi_ltn/runs/eegnet_gates_subject_session_artifact_free/logic_runs/eegnet_gates_no_rule_artifact_free_seed2024_split42/subjects/A06/summary.json,/home/m1tus/diana/TFM_Neuro_Symbolic/experiments_mi_ltn/runs/eegnet_gates_subject_session_artifact_free/logic_runs/eegnet_gates_no_rule_artifact_free_seed2024_split42/subjects/A06/checkpoint_best.pt
A07,T,E,lr_high,eegnet_gates_no_rule,0.0,2024,42,stratified_trialwise,val_acc,218,53,277,0.7547169811320755,0.6734597156398104,59,0.9954128440366973,0.6981132075471698,0.5595667870036101,1.0176244552385076,0.41254389319611995,0.5561533913186387,9.030227661132812,3.9923501014709473,8.956820487976074,1.0033586025238037,0.9980875253677368,0.9952023029327393,0.0052710771560668945,/home/m1tus/diana/TFM_Neuro_Symbolic/experiments_mi_ltn/runs/eegnet_gates_subject_session_artifact_free/logic_runs/eegnet_gates_no_rule_artifact_free_seed2024_split42/subjects/A07/raw_channel_gates.csv,/home/m1tus/diana/TFM_Neuro_Symbolic/experiments_mi_ltn/runs/eegnet_gates_subject_session_artifact_free/logic_runs/eegnet_gates_no_rule_artifact_free_seed2024_split42/subjects/A07/effective_channel_gates.csv,/home/m1tus/diana/TFM_Neuro_Symbolic/experiments_mi_ltn/runs/eegnet_gates_subject_session_artifact_free/logic_runs/eegnet_gates_no_rule_artifact_free_seed2024_split42/subjects/A07/normalized_channel_gates.csv,/home/m1tus/diana/TFM_Neuro_Symbolic/experiments_mi_ltn/runs/eegnet_gates_subject_session_artifact_free/logic_runs/eegnet_gates_no_rule_artifact_free_seed2024_split42/subjects/A07/channel_gates.csv,/home/m1tus/diana/TFM_Neuro_Symbolic/experiments_mi_ltn/runs/eegnet_gates_subject_session_artifact_free/logic_runs/eegnet_gates_no_rule_artifact_free_seed2024_split42/subjects/A07/summary.json,/home/m1tus/diana/TFM_Neuro_Symbolic/experiments_mi_ltn/runs/eegnet_gates_subject_session_artifact_free/logic_runs/eegnet_gates_no_rule_artifact_free_seed2024_split42/subjects/A07/checkpoint_best.pt
A08,T,E,lr_high,eegnet_gates_no_rule,0.0,2024,42,stratified_trialwise,val_acc,211,53,271,0.7169811320754716,0.622686283815852,121,0.995260663507109,0.660377358490566,0.5276752767527675,1.4360850701912742,0.37043086863407026,0.5286915863113016,8.986333847045898,3.9905033111572266,8.992437362670898,0.9984815120697021,0.9976258277893066,0.9991596937179565,0.0008556842803955078,/home/m1tus/diana/TFM_Neuro_Symbolic/experiments_mi_ltn/runs/eegnet_gates_subject_session_artifact_free/logic_runs/eegnet_gates_no_rule_artifact_free_seed2024_split42/subjects/A08/raw_channel_gates.csv,/home/m1tus/diana/TFM_Neuro_Symbolic/experiments_mi_ltn/runs/eegnet_gates_subject_session_artifact_free/logic_runs/eegnet_gates_no_rule_artifact_free_seed2024_split42/subjects/A08/effective_channel_gates.csv,/home/m1tus/diana/TFM_Neuro_Symbolic/experiments_mi_ltn/runs/eegnet_gates_subject_session_artifact_free/logic_runs/eegnet_gates_no_rule_artifact_free_seed2024_split42/subjects/A08/normalized_channel_gates.csv,/home/m1tus/diana/TFM_Neuro_Symbolic/experiments_mi_ltn/runs/eegnet_gates_subject_session_artifact_free/logic_runs/eegnet_gates_no_rule_artifact_free_seed2024_split42/subjects/A08/channel_gates.csv,/home/m1tus/diana/TFM_Neuro_Symbolic/experiments_mi_ltn/runs/eegnet_gates_subject_session_artifact_free/logic_runs/eegnet_gates_no_rule_artifact_free_seed2024_split42/subjects/A08/summary.json,/home/m1tus/diana/TFM_Neuro_Symbolic/experiments_mi_ltn/runs/eegnet_gates_subject_session_artifact_free/logic_runs/eegnet_gates_no_rule_artifact_free_seed2024_split42/subjects/A08/checkpoint_best.pt
A09,T,E,lr_high,eegnet_gates_no_rule,0.0,2024,42,stratified_trialwise,val_acc,189,48,264,0.7083333333333334,0.6111111111111112,39,1.0,0.6666666666666666,0.4621212121212121,1.227982304312966,0.28211413251627737,0.4642575627827508,8.987381935119629,4.013604164123535,8.982198715209961,0.9985979795455933,1.0034010410308838,0.9980220794677734,-0.004803061485290527,/home/m1tus/diana/TFM_Neuro_Symbolic/experiments_mi_ltn/runs/eegnet_gates_subject_session_artifact_free/logic_runs/eegnet_gates_no_rule_artifact_free_seed2024_split42/subjects/A09/raw_channel_gates.csv,/home/m1tus/diana/TFM_Neuro_Symbolic/experiments_mi_ltn/runs/eegnet_gates_subject_session_artifact_free/logic_runs/eegnet_gates_no_rule_artifact_free_seed2024_split42/subjects/A09/effective_channel_gates.csv,/home/m1tus/diana/TFM_Neuro_Symbolic/experiments_mi_ltn/runs/eegnet_gates_subject_session_artifact_free/logic_runs/eegnet_gates_no_rule_artifact_free_seed2024_split42/subjects/A09/normalized_channel_gates.csv,/home/m1tus/diana/TFM_Neuro_Symbolic/experiments_mi_ltn/runs/eegnet_gates_subject_session_artifact_free/logic_runs/eegnet_gates_no_rule_artifact_free_seed2024_split42/subjects/A09/channel_gates.csv,/home/m1tus/diana/TFM_Neuro_Symbolic/experiments_mi_ltn/runs/eegnet_gates_subject_session_artifact_free/logic_runs/eegnet_gates_no_rule_artifact_free_seed2024_split42/subjects/A09/summary.json,/home/m1tus/diana/TFM_Neuro_Symbolic/experiments_mi_ltn/runs/eegnet_gates_subject_session_artifact_free/logic_runs/eegnet_gates_no_rule_artifact_free_seed2024_split42/subjects/A09/checkpoint_best.pt
