epoch,train_total_loss,train_classification_loss,train_rule_loss,train_acc,train_kappa,val_total_loss,val_classification_loss,val_rule_loss,val_acc,val_kappa,R_SM_sum,R_POST_sum,R_OTHER_sum,R_SM_mean,R_POST_mean,R_OTHER_mean,R_SM_mean_minus_POST_mean,lr
1,1.3867090723731301,1.3867090723731301,0.050344157963991165,0.3409090909090909,0.11684042046978416,1.3916584253311157,1.3916584253311157,0.05107681825757027,0.2558139534883721,0.007215007215007341,8.997549057006836,4.001064300537109,8.997576713562012,0.9997276663780212,1.0002660751342773,0.9997307658195496,-0.0005384087562561035,0.001
2,1.3161019737070256,1.3161019737070256,0.0515648719261993,0.4147727272727273,0.21693304535637148,1.3871550559997559,1.3871550559997559,0.05253498628735542,0.20930232558139536,-0.04878048780487787,8.996759414672852,4.003629684448242,8.996763229370117,0.9996399283409119,1.0009074211120605,0.9996403455734253,-0.0012674927711486816,0.001
3,1.2455266497351907,1.2455266497351907,0.052894900806925514,0.5,0.3311452755225427,1.3851341009140015,1.3851341009140015,0.053684402257204056,0.23255813953488372,-0.015021459227467782,8.996085166931152,4.00562858581543,8.995489120483398,0.9995650053024292,1.0014071464538574,0.9994987845420837,-0.0018421411514282227,0.001
4,1.187093127857555,1.187093127857555,0.05406764928590168,0.5568181818181818,0.4076630997583708,1.3854782581329346,1.3854782581329346,0.05504720285534859,0.3023255813953488,0.08185053380782925,8.994895935058594,4.00782585144043,8.99422550201416,0.9994328618049622,1.0019564628601074,0.9993584156036377,-0.0025236010551452637,0.001
5,1.1405626318671487,1.1405626318671487,0.0555747581476515,0.6079545454545454,0.4768448714082626,1.3874415159225464,1.3874415159225464,0.05679934099316597,0.32558139534883723,0.11182336182336183,8.993792533874512,4.010838985443115,8.991889953613281,0.9993102550506592,1.0027097463607788,0.9990988969802856,-0.003399491310119629,0.001
6,1.085384878245267,1.085384878245267,0.057295999405058945,0.6363636363636364,0.5150888974988161,1.3925268650054932,1.3925268650054932,0.058342862874269485,0.32558139534883723,0.11182336182336183,8.992667198181152,4.013426780700684,8.990165710449219,0.9991852641105652,1.003356695175171,0.9989073276519775,-0.004171431064605713,0.001
7,1.0359672633084385,1.0359672633084385,0.058678285303440963,0.6477272727272727,0.5286189468227569,1.395728349685669,1.395728349685669,0.059432078152894974,0.32558139534883723,0.11055634807417991,8.9923677444458,4.015472412109375,8.987955093383789,0.9991519451141357,1.0038681030273438,0.9986616969108582,-0.004716157913208008,0.001
8,0.9678621779788624,0.9678621779788624,0.05988727340644056,0.7102272727272727,0.6129199189270775,1.3981404304504395,1.3981404304504395,0.06086700037121773,0.32558139534883723,0.10992148465381879,8.99244213104248,4.018374919891357,8.984850883483887,0.9991602301597595,1.0045937299728394,0.998316764831543,-0.005433499813079834,0.001
9,0.9410533038052645,0.9410533038052645,0.061199789358810944,0.6988636363636364,0.5970626349892009,1.398410677909851,1.398410677909851,0.06195073202252388,0.3023255813953488,0.07857142857142863,8.992471694946289,4.02055549621582,8.982072830200195,0.9991635084152222,1.005138874053955,0.9980080723762512,-0.00597536563873291,0.001
10,0.873384258963845,0.873384258963845,0.06230570375919342,0.7329545454545454,0.643048243721412,1.393908977508545,1.393908977508545,0.06304077804088593,0.32558139534883723,0.10864903502501788,8.992610931396484,4.022797107696533,8.97849178314209,0.9991790056228638,1.0056992769241333,0.9976102113723755,-0.006520271301269531,0.001
11,0.8350484371185303,0.8350484371185303,0.06318091397935693,0.7386363636363636,0.650401589083686,1.3917200565338135,1.3917200565338135,0.06374375522136688,0.3488372093023256,0.13876967095851211,8.99264907836914,4.024220943450928,8.97602367401123,0.9991832375526428,1.006055235862732,0.9973359704017639,-0.006871998310089111,0.001
12,0.7872130599888888,0.7872130599888888,0.06398443877696991,0.7613636363636364,0.6809805360148462,1.3858919143676758,1.3858919143676758,0.06459669768810272,0.37209302325581395,0.1689334287759483,8.992173194885254,4.025714874267578,8.974047660827637,0.999130368232727,1.0064287185668945,0.9971163868904114,-0.0072983503341674805,0.001
13,0.7303770184516907,0.7303770184516907,0.06475381553173065,0.7954545454545454,0.7264248704663212,1.381579875946045,1.381579875946045,0.06505982577800751,0.37209302325581395,0.1689334287759483,8.992254257202148,4.026677131652832,8.97227954864502,0.9991393685340881,1.006669282913208,0.9969199299812317,-0.007529914379119873,0.001
14,0.6986337954347784,0.6986337954347784,0.06517087464982813,0.8295454545454546,0.7721092839570115,1.3768644332885742,1.3768644332885742,0.06542913615703583,0.3953488372093023,0.19914040114613185,8.992822647094727,4.027667999267578,8.97029972076416,0.9992024898529053,1.0069169998168945,0.9966999888420105,-0.007714509963989258,0.001
15,0.6644976355812766,0.6644976355812766,0.0655004233121872,0.8068181818181818,0.7413554633471646,1.3708504438400269,1.3708504438400269,0.06558243930339813,0.3953488372093023,0.19914040114613185,8.992985725402832,4.028047561645508,8.969114303588867,0.999220609664917,1.007011890411377,0.9965682625770569,-0.007791280746459961,0.001
16,0.612542217428034,0.612542217428034,0.0655619353055954,0.8579545454545454,0.8101730014237025,1.3700255155563354,1.3700255155563354,0.0655858963727951,0.37209302325581395,0.16774193548387095,8.993640899658203,4.028346061706543,8.967954635620117,0.9992934465408325,1.0070865154266357,0.9964393973350525,-0.007793068885803223,0.001
17,0.6090019887143915,0.6090019887143915,0.06555695018985054,0.8522727272727273,0.8023667616826466,1.3668179512023926,1.3668179512023926,0.0656147450208664,0.3488372093023256,0.13629842180774765,8.994009971618652,4.028567314147949,8.967188835144043,0.999334454536438,1.0071418285369873,0.996354341506958,-0.007807374000549316,0.001
18,0.5589306815104051,0.5589306815104051,0.06562701274048198,0.8806818181818182,0.840400725451248,1.3631268739700317,1.3631268739700317,0.06573943793773651,0.3488372093023256,0.13629842180774765,8.994002342224121,4.028812408447266,8.966629981994629,0.9993336200714111,1.0072031021118164,0.996292233467102,-0.007869482040405273,0.001
19,0.5540375844998793,0.5540375844998793,0.065908205780116,0.8977272727272727,0.8633304572907678,1.36042058467865,1.36042058467865,0.06597785651683807,0.3488372093023256,0.13629842180774765,8.994704246520996,4.02960205078125,8.964856147766113,0.9994115829467773,1.0074005126953125,0.9960951209068298,-0.007988929748535156,0.001
20,0.49191595207561145,0.49191595207561145,0.06595779684456912,0.9034090909090909,0.871012243490257,1.3555042743682861,1.3555042743682861,0.06588880717754364,0.3488372093023256,0.13629842180774765,8.99614143371582,4.030063152313232,8.962607383728027,0.9995712637901306,1.007515788078308,0.9958452582359314,-0.00794452428817749,0.001
21,0.4565769759091464,0.4565769759091464,0.06581034579060295,0.9090909090909091,0.878615457562826,1.345452070236206,1.345452070236206,0.06579868495464325,0.37209302325581395,0.16654702081837747,8.996589660644531,4.030081748962402,8.961689949035645,0.9996210932731628,1.0075204372406006,0.9957433342933655,-0.007899343967437744,0.001
22,0.415915770964189,0.415915770964189,0.0658985281532461,0.9261363636363636,0.9013155057149019,1.3429147005081177,1.3429147005081177,0.06602828204631805,0.37209302325581395,0.16654702081837747,8.997130393981934,4.030782222747803,8.960224151611328,0.9996811747550964,1.0076955556869507,0.9955804347991943,-0.008014380931854248,0.001
23,0.40216632322831586,0.40216632322831586,0.06614415347576141,0.9318181818181818,0.908949818934299,1.3446048498153687,1.3446048498153687,0.0663929432630539,0.37209302325581395,0.16594827586206895,8.997620582580566,4.031728267669678,8.958672523498535,0.9997355937957764,1.0079320669174194,0.9954080581665039,-0.008196473121643066,0.001
24,0.4165866700085727,0.4165866700085727,0.06652320650490848,0.8977272727272727,0.8635365065690286,1.3447070121765137,1.3447070121765137,0.06667999923229218,0.37209302325581395,0.16594827586206895,8.99843978881836,4.0326666831970215,8.956628799438477,0.9998266696929932,1.0081666707992554,0.9951809644699097,-0.008340001106262207,0.001
25,0.3813025409525091,0.3813025409525091,0.06657803194089369,0.9261363636363636,0.901306992192555,1.339440941810608,1.339440941810608,0.06641344726085663,0.3953488372093023,0.19626168224299068,8.998611450195312,4.032209396362305,8.956399917602539,0.9998457431793213,1.0080523490905762,0.9951555728912354,-0.008206605911254883,0.001
26,0.35134195468642493,0.35134195468642493,0.06631520796905864,0.9545454545454546,0.9392527396669256,1.3359606266021729,1.3359606266021729,0.06611470878124237,0.3953488372093023,0.19626168224299068,8.998369216918945,4.0315046310424805,8.957135200500488,0.9998188018798828,1.0078761577606201,0.9952372312545776,-0.008057355880737305,0.001
27,0.3200714046304876,0.3200714046304876,0.06610726361924951,0.9602272727272727,0.9468599033816425,1.3363640308380127,1.3363640308380127,0.06606118381023407,0.37209302325581395,0.16594827586206895,8.998397827148438,4.0314106941223145,8.957165718078613,0.9998219609260559,1.0078526735305786,0.9952406287193298,-0.008030712604522705,0.001
28,0.28686532378196716,0.28686532378196716,0.06606343794952739,0.9602272727272727,0.9468896840108635,1.3373841047286987,1.3373841047286987,0.06612507998943329,0.37209302325581395,0.16594827586206895,8.998539924621582,4.0316009521484375,8.956890106201172,0.9998377561569214,1.0079002380371094,0.9952099919319153,-0.008062481880187988,0.001
29,0.3075834824280305,0.3075834824280305,0.06614404510368001,0.9318181818181818,0.9090400103363625,1.3355180025100708,1.3355180025100708,0.06622223556041718,0.37209302325581395,0.16594827586206895,8.999167442321777,4.032074451446533,8.955795288085938,0.9999074935913086,1.0080186128616333,0.9950883388519287,-0.008111119270324707,0.001
30,0.2968672784891995,0.2968672784891995,0.0662609569051049,0.9659090909090909,0.9544395547501942,1.3347097635269165,1.3347097635269165,0.06637279689311981,0.4186046511627907,0.22717469446441407,8.999887466430664,4.0326948165893555,8.954421997070312,0.9999874830245972,1.0081737041473389,0.9949357509613037,-0.0081862211227417,0.001
31,0.26813800497488544,0.26813800497488544,0.06643727828155864,0.9715909090909091,0.9620787727311902,1.3301695585250854,1.3301695585250854,0.06643669307231903,0.4186046511627907,0.22717469446441407,8.999944686889648,4.032848834991455,8.95430850982666,0.9999938607215881,1.0082122087478638,0.9949231743812561,-0.008218348026275635,0.001
32,0.27227478406646033,0.27227478406646033,0.0663297948512164,0.9545454545454546,0.9392894101414281,1.3284664154052734,1.3284664154052734,0.06614021956920624,0.3953488372093023,0.1962616822429908,8.999358177185059,4.0319952964782715,8.955698013305664,0.9999287128448486,1.0079988241195679,0.9950775504112244,-0.008070111274719238,0.001
33,0.23212648928165436,0.23212648928165436,0.06614482538266615,0.9829545454545454,0.9772403982930299,1.3313523530960083,1.3313523530960083,0.06616656482219696,0.3953488372093023,0.1962616822429908,8.998672485351562,4.031743049621582,8.956613540649414,0.9998524785041809,1.0079357624053955,0.995179295539856,-0.0080832839012146,0.001
34,0.2326477752490477,0.2326477752490477,0.06621087816628543,0.9772727272727273,0.9696289905090595,1.3322349786758423,1.3322349786758423,0.06644265353679657,0.3953488372093023,0.1962616822429908,8.998467445373535,4.032203674316406,8.956442832946777,0.9998297095298767,1.0080509185791016,0.9951603412628174,-0.008221209049224854,0.001
35,0.2174472903663462,0.2174472903663462,0.06662061133167961,0.9772727272727273,0.9696525562548496,1.3336683511734009,1.3336683511734009,0.06702582538127899,0.3953488372093023,0.1962616822429908,8.998536109924316,4.033401012420654,8.955174446105957,0.999837338924408,1.0083502531051636,0.9950193762779236,-0.008512914180755615,0.001
36,0.2068739194761623,0.2068739194761623,0.06711327081376856,0.9829545454545454,0.9772335288030355,1.3331522941589355,1.3331522941589355,0.06723742187023163,0.4186046511627907,0.22717469446441407,8.999107360839844,4.0340776443481445,8.953756332397461,0.9999008178710938,1.0085194110870361,0.9948618412017822,-0.008618593215942383,0.001
37,0.22369284115054391,0.22369284115054391,0.06729317930611697,0.9715909090909091,0.9620558813383926,1.3257697820663452,1.3257697820663452,0.06748668849468231,0.4186046511627907,0.22717469446441407,8.999505996704102,4.034753799438477,8.952824592590332,0.9999451041221619,1.0086884498596191,0.9947583079338074,-0.008743345737457275,0.001
38,0.2031274221160195,0.2031274221160195,0.06748910519209775,0.9715909090909091,0.9620476991417605,1.323765516281128,1.323765516281128,0.06751768290996552,0.4186046511627907,0.22717469446441407,8.999602317810059,4.034858226776123,8.95266056060791,0.9999558329582214,1.0087145566940308,0.9947400689125061,-0.008758723735809326,0.001
39,0.1854876916516911,0.1854876916516911,0.06747756356542761,0.9829545454545454,0.9772384360046558,1.329003095626831,1.329003095626831,0.06739978492259979,0.3953488372093023,0.1962616822429908,8.999844551086426,4.034730434417725,8.952474594116211,0.9999827146530151,1.0086826086044312,0.994719386100769,-0.008699893951416016,0.001
40,0.18054728209972382,0.18054728209972382,0.06736325269395654,0.9943181818181818,0.992412812001552,1.3326823711395264,1.3326823711395264,0.06723229587078094,0.3953488372093023,0.1962616822429908,8.999617576599121,4.034294128417969,8.953164100646973,0.9999575018882751,1.0085735321044922,0.9947960376739502,-0.008616030216217041,0.001
41,0.1842478635636243,0.1842478635636243,0.0671835175969384,0.9943181818181818,0.9924131390637124,1.3326594829559326,1.3326594829559326,0.06697039306163788,0.3953488372093023,0.1962616822429908,8.99983024597168,4.033864974975586,8.95334243774414,0.999981164932251,1.0084662437438965,0.9948158264160156,-0.008485078811645508,0.001
42,0.15565175766294653,0.15565175766294653,0.06686283377083865,0.9829545454545454,0.9772335288030355,1.3305333852767944,1.3305333852767944,0.06679229438304901,0.3953488372093023,0.1962616822429908,9.000394821166992,4.033672332763672,8.952810287475586,1.0000438690185547,1.008418083190918,0.9947566986083984,-0.008374214172363281,0.001
43,0.15144163099202243,0.15144163099202243,0.0667968676848845,0.9829545454545454,0.9772403982930299,1.3279110193252563,1.3279110193252563,0.06683413684368134,0.3953488372093023,0.1962616822429908,9.000718116760254,4.033827781677246,8.952356338500977,1.0000797510147095,1.0084569454193115,0.9947062730789185,-0.00837719440460205,0.001
44,0.16779336197809738,0.16779336197809738,0.06684369526126167,0.9886363636363636,0.9848262781274247,1.3288358449935913,1.3288358449935913,0.06694702804088593,0.37209302325581395,0.16474820143884883,9.000787734985352,4.034069061279297,8.952144622802734,1.0000874996185303,1.0085172653198242,0.9946827292442322,-0.008429765701293945,0.001
45,0.1338447698137977,0.1338447698137977,0.06698751585050063,0.9943181818181818,0.9924111762676785,1.3307372331619263,1.3307372331619263,0.06703107059001923,0.37209302325581395,0.16474820143884883,9.000844955444336,4.034249782562256,8.95194149017334,1.000093936920166,1.008562445640564,0.9946601390838623,-0.00846850872039795,0.001
46,0.15752685611898248,0.15752685611898248,0.06699225171045824,0.9829545454545454,0.9772325471087921,1.3251736164093018,1.3251736164093018,0.06701342761516571,0.37209302325581395,0.16474820143884883,9.0007905960083,4.034202575683594,8.952353477478027,1.000087857246399,1.0085506439208984,0.9947059154510498,-0.008462786674499512,0.001
47,0.12318593737753955,0.12318593737753955,0.06703991375186226,0.9943181818181818,0.9924108490362641,1.321099877357483,1.321099877357483,0.06705300509929657,0.37209302325581395,0.16474820143884883,9.000882148742676,4.0343017578125,8.952442169189453,1.0000979900360107,1.008575439453125,0.9947158098220825,-0.008477449417114258,0.001
48,0.13125873831185428,0.13125873831185428,0.06703644584525716,0.9943181818181818,0.992412812001552,1.3297864198684692,1.3297864198684692,0.0670108050107956,0.37209302325581395,0.16474820143884883,9.001328468322754,4.034316539764404,8.951818466186523,1.0001475811004639,1.008579134941101,0.9946464896202087,-0.008431553840637207,0.001
49,0.1108441644094207,0.1108441644094207,0.06698889217593453,0.9943181818181818,0.9924154277095454,1.3314416408538818,1.3314416408538818,0.0668124407529831,0.37209302325581395,0.16474820143884883,9.00191593170166,4.034050941467285,8.951306343078613,1.0002129077911377,1.0085127353668213,0.9945895671844482,-0.008299827575683594,0.001
50,0.11637952381914313,0.11637952381914313,0.06670791588046333,1.0,1.0,1.3243863582611084,1.3243863582611084,0.0665232390165329,0.3953488372093023,0.1962616822429908,9.001890182495117,4.033466339111328,8.95197582244873,1.0002100467681885,1.008366584777832,0.9946639537811279,-0.008156538009643555,0.001
51,0.11953713135285811,0.11953713135285811,0.06649197367104617,1.0,1.0,1.322929859161377,1.322929859161377,0.06644384562969208,0.37209302325581395,0.16474820143884883,9.001626968383789,4.033249378204346,8.952543258666992,1.000180721282959,1.0083123445510864,0.9947270154953003,-0.008131623268127441,0.001
52,0.09882322292436253,0.09882322292436253,0.0664651407436891,1.0,1.0,1.332020878791809,1.332020878791809,0.0666225403547287,0.37209302325581395,0.16474820143884883,9.001616477966309,4.033604621887207,8.952290534973145,1.000179648399353,1.0084011554718018,0.9946989417076111,-0.00822150707244873,0.001
53,0.10003312677145004,0.10003312677145004,0.06670054657892747,1.0,1.0,1.3400332927703857,1.3400332927703857,0.06674127280712128,0.3488372093023256,0.13318934485241185,9.001530647277832,4.033823013305664,8.95218563079834,1.000170111656189,1.008455753326416,0.9946873188018799,-0.00828564167022705,0.001
54,0.10122555291110819,0.10122555291110819,0.0666657266291705,1.0,1.0,1.3459054231643677,1.3459054231643677,0.06656353175640106,0.3488372093023256,0.13318934485241185,9.001753807067871,4.033516883850098,8.952239990234375,1.0001949071884155,1.0083792209625244,0.9946933388710022,-0.008184313774108887,0.001
55,0.08980816941369664,0.08980816941369664,0.06652375920252367,1.0,1.0,1.346740961074829,1.346740961074829,0.06638245284557343,0.3488372093023256,0.13318934485241185,9.001920700073242,4.033191680908203,8.952476501464844,1.000213384628296,1.0082979202270508,0.9947196245193481,-0.008084535598754883,0.001
56,0.0928621996532787,0.0928621996532787,0.06640565530820326,0.9943181818181818,0.9924134660976767,1.3449995517730713,1.3449995517730713,0.06647448241710663,0.3488372093023256,0.13318934485241185,9.001795768737793,4.033348083496094,8.952707290649414,1.000199556350708,1.0083370208740234,0.9947452545166016,-0.00813746452331543,0.001
57,0.09447062015533447,0.09447062015533447,0.06650079515847293,1.0,1.0,1.338799238204956,1.338799238204956,0.06655506789684296,0.37209302325581395,0.16474820143884883,9.001651763916016,4.033477783203125,8.952978134155273,1.0001835823059082,1.0083694458007812,0.9947753548622131,-0.008185863494873047,0.001
58,0.0873036032373255,0.0873036032373255,0.06652174348180945,1.0,1.0,1.3376269340515137,1.3376269340515137,0.06643454730510712,0.37209302325581395,0.16414686825054003,9.001903533935547,4.033292293548584,8.952852249145508,1.000211477279663,1.008323073387146,0.9947613477706909,-0.00811159610748291,0.001
59,0.08659426529299129,0.08659426529299129,0.0664436397227374,1.0,1.0,1.3411669731140137,1.3411669731140137,0.0665932148694992,0.37209302325581395,0.16414686825054003,9.002117156982422,4.033657073974609,8.952322959899902,1.0002351999282837,1.0084142684936523,0.9947025775909424,-0.008179068565368652,0.001
60,0.08884041891856627,0.08884041891856627,0.06673785908655687,0.9943181818181818,0.992415100844682,1.3534575700759888,1.3534575700759888,0.06702809035778046,0.37209302325581395,0.1635446685878963,9.002204895019531,4.0345458984375,8.951336860656738,1.0002449750900269,1.008636474609375,0.9945929646492004,-0.008391499519348145,0.001
61,0.0880748527971181,0.0880748527971181,0.06717353652824055,1.0,1.0,1.363974690437317,1.363974690437317,0.06742386519908905,0.37209302325581395,0.1635446685878963,9.002320289611816,4.03536319732666,8.950462341308594,1.0002578496932983,1.008840799331665,0.9944958090782166,-0.0085829496383667,0.001
62,0.07173816453326833,0.07173816453326833,0.06745235621929169,1.0,1.0,1.372071385383606,1.372071385383606,0.06741921603679657,0.3953488372093023,0.1945244956772334,9.002418518066406,4.035375595092773,8.950276374816895,1.0002686977386475,1.0088438987731934,0.9944751262664795,-0.008575201034545898,0.001
63,0.08578275008635088,0.08578275008635088,0.06737267022783106,1.0,1.0,1.3823310136795044,1.3823310136795044,0.06721453368663788,0.3953488372093023,0.19510439164866822,9.002910614013672,4.035076141357422,8.95001220703125,1.0003234148025513,1.0087690353393555,0.99444580078125,-0.0084456205368042,0.001
64,0.07226690887050195,0.07226690887050195,0.06711440872062337,1.0,1.0,1.3806309700012207,1.3806309700012207,0.06695429980754852,0.37209302325581395,0.1635446685878963,9.003376007080078,4.034658908843994,8.949919700622559,1.0003751516342163,1.0086647272109985,0.9944355487823486,-0.008289575576782227,0.001
65,0.07285850224169818,0.07285850224169818,0.06692412902008403,1.0,1.0,1.3725039958953857,1.3725039958953857,0.06694619357585907,0.37209302325581395,0.1635446685878963,9.003512382507324,4.034672737121582,8.949840545654297,1.0003902912139893,1.0086681842803955,0.9944267272949219,-0.00827789306640625,0.001
66,0.08482897552576932,0.08482897552576932,0.0670048553835262,0.9943181818181818,0.9924131390637124,1.3520910739898682,1.3520910739898682,0.06718222796916962,0.3953488372093023,0.1945244956772334,9.003636360168457,4.035172462463379,8.949283599853516,1.0004040002822876,1.0087931156158447,0.994364857673645,-0.008389115333557129,0.001
67,0.0676363618536429,0.0676363618536429,0.06720924512906508,1.0,1.0,1.3507883548736572,1.3507883548736572,0.0672181099653244,0.4186046511627907,0.22550432276657062,9.00374698638916,4.035268783569336,8.949100494384766,1.0004162788391113,1.008817195892334,0.9943444728851318,-0.008400917053222656,0.001
68,0.07793963700532913,0.07793963700532913,0.06716681745919315,1.0,1.0,1.3765660524368286,1.3765660524368286,0.06705014407634735,0.37209302325581395,0.1635446685878963,9.004412651062012,4.035080909729004,8.948546409606934,1.0004903078079224,1.008770227432251,0.9942829608917236,-0.008279919624328613,0.001
69,0.057281624525785446,0.057281624525785446,0.06698064506053925,1.0,1.0,1.4078065156936646,1.4078065156936646,0.06684498488903046,0.3488372093023256,0.13256484149855907,9.004603385925293,4.034712791442871,8.948760986328125,1.0005115270614624,1.0086781978607178,0.9943068027496338,-0.008166670799255371,0.001
70,0.0690222524783828,0.0690222524783828,0.06681266833435405,1.0,1.0,1.4028804302215576,1.4028804302215576,0.06682269275188446,0.3488372093023256,0.13256484149855907,9.00434398651123,4.034610748291016,8.949373245239258,1.0004826784133911,1.008652687072754,0.9943748116493225,-0.008170008659362793,0.001
71,0.06103715740821578,0.06103715740821578,0.06681749089197679,1.0,1.0,1.3845793008804321,1.3845793008804321,0.0668734759092331,0.37209302325581395,0.1635446685878963,9.0044584274292,4.034738063812256,8.949360847473145,1.000495433807373,1.008684515953064,0.9943734407424927,-0.008189082145690918,0.001
72,0.053067406470125374,0.053067406470125374,0.06693194264715369,1.0,1.0,1.3780373334884644,1.3780373334884644,0.06708388030529022,0.3953488372093023,0.1945244956772334,9.004622459411621,4.0351948738098145,8.94908618927002,1.0005135536193848,1.0087987184524536,0.9943429231643677,-0.008285164833068848,0.001
73,0.056402142413637855,0.056402142413637855,0.06708608025854285,0.9943181818181818,0.992412812001552,1.3904922008514404,1.3904922008514404,0.06710557639598846,0.4186046511627907,0.2260619150467963,9.004866600036621,4.035292625427246,8.948939323425293,1.0005407333374023,1.0088231563568115,0.9943265914916992,-0.00828242301940918,0.001
74,0.06288481300527399,0.06288481300527399,0.06712486662647942,0.9943181818181818,0.9924154277095454,1.412614107131958,1.412614107131958,0.06701914966106415,0.3953488372093023,0.19510439164866822,9.005575180053711,4.035277366638184,8.948110580444336,1.0006194114685059,1.008819341659546,0.9942345023155212,-0.008199930191040039,0.001
75,0.05369136550209739,0.05369136550209739,0.06692900576374748,1.0,1.0,1.401821494102478,1.401821494102478,0.06676392257213593,0.4186046511627907,0.2260619150467963,9.005845069885254,4.034826278686523,8.948223114013672,1.0006494522094727,1.0087065696716309,0.9942470192909241,-0.008057117462158203,0.001
76,0.047921629453247246,0.047921629453247246,0.06668433411554857,1.0,1.0,1.3804104328155518,1.3804104328155518,0.06652013957500458,0.4186046511627907,0.22550432276657062,9.005807876586914,4.03433084487915,8.948592185974121,1.0006452798843384,1.0085827112197876,0.9942880272865295,-0.007937431335449219,0.001
77,0.051169201731681824,0.051169201731681824,0.06646333092992956,1.0,1.0,1.3854832649230957,1.3854832649230957,0.06632165610790253,0.4418604651162791,0.2570194384449245,9.00586223602295,4.033946514129639,8.948585510253906,1.0006513595581055,1.0084866285324097,0.9942872524261475,-0.0078352689743042,0.001
78,0.049414505674080414,0.049414505674080414,0.06624808230183342,1.0,1.0,1.3993147611618042,1.3993147611618042,0.06607429683208466,0.4418604651162791,0.2575539568345323,9.006142616271973,4.033514022827148,8.948460578918457,1.0006824731826782,1.008378505706787,0.9942734241485596,-0.007696032524108887,0.001
79,0.049861723387783226,0.049861723387783226,0.06601389023390683,1.0,1.0,1.4156957864761353,1.4156957864761353,0.06586568057537079,0.4186046511627907,0.2260619150467963,9.006502151489258,4.033176898956299,8.948153495788574,1.0007224082946777,1.0082942247390747,0.9942392706871033,-0.007571816444396973,0.001
80,0.04569427533583208,0.04569427533583208,0.06585787778550928,1.0,1.0,1.427839994430542,1.427839994430542,0.06592695415019989,0.3953488372093023,0.19510439164866822,9.006648063659668,4.033330917358398,8.947787284851074,1.0007386207580566,1.0083327293395996,0.9941985607147217,-0.007594108581542969,0.001
81,0.05150397155772556,0.05150397155772556,0.06603599813851443,1.0,1.0,1.4332917928695679,1.4332917928695679,0.06618694961071014,0.4186046511627907,0.22550432276657062,9.006763458251953,4.033876895904541,8.947258949279785,1.0007514953613281,1.0084692239761353,0.9941399097442627,-0.007717728614807129,0.001
82,0.0422373212535273,0.0422373212535273,0.06621142002669247,1.0,1.0,1.420967936515808,1.420967936515808,0.0662490576505661,0.46511627906976744,0.28746397694524495,9.006901741027832,4.034031867980957,8.94714069366455,1.0007668733596802,1.0085079669952393,0.9941267371177673,-0.007741093635559082,0.001
83,0.045149031349203804,0.045149031349203804,0.06626380709084598,1.0,1.0,1.4134899377822876,1.4134899377822876,0.06632022559642792,0.46511627906976744,0.28746397694524495,9.0067138671875,4.034132480621338,8.947616577148438,1.0007460117340088,1.0085331201553345,0.9941796064376831,-0.007787108421325684,0.001
84,0.04696361923759634,0.04696361923759634,0.0663702826608311,0.9943181818181818,0.9924111762676785,1.417251706123352,1.417251706123352,0.06650595366954803,0.46511627906976744,0.28746397694524495,9.006667137145996,4.034493923187256,8.947789192199707,1.0007407665252686,1.008623480796814,0.9941987991333008,-0.00788271427154541,0.001
85,0.044577591798522255,0.044577591798522255,0.06656501645391638,1.0,1.0,1.4227070808410645,1.4227070808410645,0.06670872867107391,0.46511627906976744,0.28848920863309346,9.006651878356934,4.034895420074463,8.947800636291504,1.0007390975952148,1.0087238550186157,0.9942000508308411,-0.007984757423400879,0.001
86,0.04739531298929995,0.04739531298929995,0.06680189614946191,1.0,1.0,1.4281814098358154,1.4281814098358154,0.06698505580425262,0.46511627906976744,0.28848920863309346,9.006851196289062,4.035492420196533,8.947321891784668,1.0007612705230713,1.0088731050491333,0.9941468834877014,-0.008111834526062012,0.001
87,0.04164054854349657,0.04164054854349657,0.06699415905909105,1.0,1.0,1.436606526374817,1.436606526374817,0.06701485812664032,0.4418604651162791,0.2570194384449245,9.007129669189453,4.035614013671875,8.946904182434082,1.000792145729065,1.0089035034179688,0.9941004514694214,-0.008111357688903809,0.001
88,0.038881284269419586,0.038881284269419586,0.06704480133273384,1.0,1.0,1.4250611066818237,1.4250611066818237,0.06707338988780975,0.4186046511627907,0.22550432276657062,9.007040023803711,4.035711288452148,8.946941375732422,1.0007822513580322,1.008927822113037,0.9941046237945557,-0.008145570755004883,0.001
89,0.04107109965248541,0.04107109965248541,0.06708760830489072,1.0,1.0,1.4283555746078491,1.4283555746078491,0.06708280742168427,0.3953488372093023,0.19394376351838494,9.007040977478027,4.035730361938477,8.94680404663086,1.0007823705673218,1.0089325904846191,0.9940893650054932,-0.008150219917297363,0.001
90,0.04677574336528778,0.04677574336528778,0.06708370690995996,1.0,1.0,1.420335292816162,1.420335292816162,0.06713490188121796,0.4186046511627907,0.22494592645998568,9.007036209106445,4.035833358764648,8.946870803833008,1.000781774520874,1.008958339691162,0.9940967559814453,-0.008176565170288086,0.001
91,0.03918537057258866,0.03918537057258866,0.06716136634349823,1.0,1.0,1.4219962358474731,1.4219962358474731,0.06729595363140106,0.4186046511627907,0.22494592645998568,9.007116317749023,4.036173343658447,8.946566581726074,1.0007907152175903,1.0090433359146118,0.9940629601478577,-0.008252620697021484,0.001
92,0.04005287028849125,0.04005287028849125,0.06733050265095451,0.9943181818181818,0.9924108490362641,1.4542721509933472,1.4542721509933472,0.06742410361766815,0.4418604651162791,0.2559480894015861,9.007448196411133,4.036503314971924,8.94599723815918,1.0008275508880615,1.009125828742981,0.993999719619751,-0.008298277854919434,0.001
93,0.045398298650979996,0.045398298650979996,0.06748124821619554,1.0,1.0,1.4809905290603638,1.4809905290603638,0.06769101321697235,0.4186046511627907,0.22494592645998557,9.007508277893066,4.037051200866699,8.945508003234863,1.0008342266082764,1.0092628002166748,0.9939453601837158,-0.008428573608398438,0.001
94,0.03687306730584665,0.03687306730584665,0.06780676543712616,1.0,1.0,1.5044505596160889,1.5044505596160889,0.0679812878370285,0.4186046511627907,0.22494592645998557,9.007654190063477,4.037663459777832,8.944815635681152,1.0008504390716553,1.009415864944458,0.9938684105873108,-0.008565425872802734,0.001
95,0.04338970678773793,0.04338970678773793,0.06800633262504231,1.0,1.0,1.507091760635376,1.507091760635376,0.06806735694408417,0.4418604651162791,0.2559480894015861,9.007415771484375,4.037783145904541,8.945075988769531,1.000823974609375,1.0094457864761353,0.9938973188400269,-0.008621811866760254,0.001
96,0.031907503747127273,0.031907503747127273,0.06807287308302792,1.0,1.0,1.4893214702606201,1.4893214702606201,0.06808905303478241,0.46511627906976744,0.28797696184305266,9.007075309753418,4.037750244140625,8.945642471313477,1.0007861852645874,1.0094375610351562,0.9939602613449097,-0.008651375770568848,0.001
97,0.028496773744171314,0.028496773744171314,0.06807035885073921,1.0,1.0,1.463119626045227,1.463119626045227,0.06800048053264618,0.4883720930232558,0.31893448524118073,9.006878852844238,4.037529945373535,8.946128845214844,1.0007643699645996,1.0093824863433838,0.994014322757721,-0.00861811637878418,0.001
98,0.033078806644136254,0.033078806644136254,0.06791796602986076,1.0,1.0,1.467105507850647,1.467105507850647,0.06775026023387909,0.46511627906976744,0.28797696184305266,9.007247924804688,4.037110805511475,8.945870399475098,1.000805377960205,1.0092777013778687,0.9939855933189392,-0.008472323417663574,0.001
99,0.03547174449671398,0.03547174449671398,0.06772153079509735,0.9943181818181818,0.9924134660976767,1.4676309823989868,1.4676309823989868,0.06771235167980194,0.4883720930232558,0.31844380403458217,9.007462501525879,4.037083148956299,8.94553279876709,1.0008292198181152,1.0092707872390747,0.9939481019973755,-0.008441567420959473,0.001
100,0.03044363297522068,0.03044363297522068,0.06774388795549219,1.0,1.0,1.476087212562561,1.476087212562561,0.06770031154155731,0.4883720930232558,0.31844380403458217,9.00761890411377,4.037093639373779,8.945140838623047,1.0008465051651,1.0092734098434448,0.9939045310020447,-0.008426904678344727,0.001
101,0.033320019698955795,0.033320019698955795,0.06763014061884447,1.0,1.0,1.483388900756836,1.483388900756836,0.06745533645153046,0.4883720930232558,0.31844380403458217,9.008035659790039,4.036696434020996,8.944982528686523,1.0008928775787354,1.009174108505249,0.9938869476318359,-0.008281230926513672,0.001
102,0.035893680189143524,0.035893680189143524,0.06737970357591455,1.0,1.0,1.4880707263946533,1.4880707263946533,0.06719844043254852,0.4418604651162791,0.2559480894015861,9.008255958557129,4.036231517791748,8.94517707824707,1.0009173154830933,1.009057879447937,0.9939085841178894,-0.00814056396484375,0.001
103,0.03495005687529391,0.03495005687529391,0.06710046123374593,1.0,1.0,1.4855701923370361,1.4855701923370361,0.06696180999279022,0.4418604651162791,0.2559480894015861,9.008278846740723,4.035762786865234,8.945569038391113,1.0009198188781738,1.0089406967163086,0.9939520955085754,-0.008020877838134766,0.001
104,0.037663225761868736,0.037663225761868736,0.06695977259765971,0.9943181818181818,0.9924131390637124,1.4936611652374268,1.4936611652374268,0.06693296134471893,0.46511627906976744,0.2869502523431867,9.008508682250977,4.035757064819336,8.945486068725586,1.0009454488754272,1.008939266204834,0.99394291639328,-0.007993817329406738,0.001
105,0.024087175896221943,0.024087175896221943,0.06693094562400471,1.0,1.0,1.4777847528457642,1.4777847528457642,0.06690911948680878,0.4418604651162791,0.25648414985590784,9.008498191833496,4.035706043243408,8.945932388305664,1.0009442567825317,1.008926510810852,0.9939925074577332,-0.007982254028320312,0.001
106,0.02797047776932066,0.02797047776932066,0.06689634241841057,1.0,1.0,1.4534082412719727,1.4534082412719727,0.06690220534801483,0.4418604651162791,0.25648414985590784,9.008119583129883,4.035608768463135,8.946627616882324,1.0009021759033203,1.0089021921157837,0.9940697550773621,-0.008000016212463379,0.001
107,0.038957071913914246,0.038957071913914246,0.06691021404483101,0.9943181818181818,0.9924108490362641,1.4650675058364868,1.4650675058364868,0.06709663569927216,0.4418604651162791,0.25648414985590784,9.007818222045898,4.035930633544922,8.946802139282227,1.0008686780929565,1.0089826583862305,0.9940891265869141,-0.008113980293273926,0.001
108,0.025712868198752403,0.025712868198752403,0.06724537638100711,1.0,1.0,1.5010700225830078,1.5010700225830078,0.06753973662853241,0.4418604651162791,0.25648414985590784,9.0076322555542,4.036775588989258,8.946268081665039,1.0008480548858643,1.0091938972473145,0.9940297603607178,-0.008345842361450195,0.001
109,0.02690417675132101,0.02690417675132101,0.06766448373144324,1.0,1.0,1.5291060209274292,1.5291060209274292,0.06793586909770966,0.4418604651162791,0.25648414985590784,9.007509231567383,4.037540435791016,8.945625305175781,1.000834345817566,1.009385108947754,0.9939583539962769,-0.008550763130187988,0.001
110,0.02840966053984382,0.02840966053984382,0.06801133941520345,1.0,1.0,1.5258679389953613,1.5258679389953613,0.06816045939922333,0.46511627906976744,0.28797696184305266,9.007251739501953,4.0379319190979,8.94555377960205,1.0008057355880737,1.009482979774475,0.9939504265785217,-0.008677244186401367,0.001
111,0.030569542199373245,0.030569542199373245,0.06818179786205292,1.0,1.0,1.51929771900177,1.51929771900177,0.06822232902050018,0.4883720930232558,0.31893448524118073,9.007109642028809,4.03802490234375,8.945703506469727,1.000789999961853,1.0095062255859375,0.9939670562744141,-0.008716225624084473,0.001
112,0.02638647756115957,0.02638647756115957,0.06823403320529244,1.0,1.0,1.519911527633667,1.519911527633667,0.06816093623638153,0.4883720930232558,0.31893448524118073,9.006839752197266,4.037841796875,8.94635009765625,1.0007599592208862,1.00946044921875,0.9940388798713684,-0.00870048999786377,0.001
113,0.035631585866212845,0.035631585866212845,0.06800622425296089,1.0,1.0,1.5060195922851562,1.5060195922851562,0.06768457591533661,0.46511627906976744,0.28746397694524495,9.00656509399414,4.03682804107666,8.947542190551758,1.0007294416427612,1.009207010269165,0.9941713809967041,-0.008477568626403809,0.001
114,0.0293853221969171,0.0293853221969171,0.0675509748133746,1.0,1.0,1.5080896615982056,1.5080896615982056,0.06723539531230927,0.4418604651162791,0.25648414985590784,9.006644248962402,4.035947322845459,8.94814395904541,1.000738263130188,1.0089868307113647,0.9942381978034973,-0.008248567581176758,0.001
115,0.025100453502752564,0.025100453502752564,0.0671217671849511,1.0,1.0,1.5062552690505981,1.5062552690505981,0.06691782176494598,0.4418604651162791,0.25648414985590784,9.007102012634277,4.03541374206543,8.947914123535156,1.0007891654968262,1.0088534355163574,0.9942126870155334,-0.00806427001953125,0.001
116,0.027130256830291313,0.027130256830291313,0.06689768623222005,1.0,1.0,1.5137478113174438,1.5137478113174438,0.06691615283489227,0.4418604651162791,0.25648414985590784,9.007562637329102,4.035512924194336,8.947243690490723,1.0008403062820435,1.008878231048584,0.9941381812095642,-0.008037924766540527,0.001
117,0.02340439436110583,0.02340439436110583,0.06696522371335463,1.0,1.0,1.5243149995803833,1.5243149995803833,0.06710831820964813,0.4418604651162791,0.25648414985590784,9.007768630981445,4.035943031311035,8.946693420410156,1.0008631944656372,1.0089857578277588,0.9940770268440247,-0.008122563362121582,0.001
118,0.026521908288652248,0.026521908288652248,0.06720151819966057,1.0,1.0,1.5550614595413208,1.5550614595413208,0.06738345324993134,0.46511627906976744,0.28797696184305266,9.007841110229492,4.036509037017822,8.946212768554688,1.000871181488037,1.0091272592544556,0.9940236210823059,-0.008256077766418457,0.001
119,0.023600838570432228,0.023600838570432228,0.06746877458962527,1.0,1.0,1.587963342666626,1.587963342666626,0.06759600341320038,0.46511627906976744,0.28797696184305266,9.007951736450195,4.036959648132324,8.945819854736328,1.0008835792541504,1.009239912033081,0.9939799904823303,-0.008356332778930664,0.001
120,0.024303367192094975,0.024303367192094975,0.06758817894892259,0.9943181818181818,0.9924134660976767,1.596977710723877,1.596977710723877,0.06746821105480194,0.46511627906976744,0.28797696184305266,9.008188247680664,4.0367560386657715,8.945931434631348,1.0009098052978516,1.0091890096664429,0.9939923882484436,-0.008279204368591309,0.001
121,0.022760828279636124,0.022760828279636124,0.06740785864266483,1.0,1.0,1.5800352096557617,1.5800352096557617,0.06725041568279266,0.46511627906976744,0.28797696184305266,9.008279800415039,4.036340713500977,8.94637393951416,1.0009199380874634,1.0090851783752441,0.9940415620803833,-0.008165240287780762,0.001
122,0.023017202080650764,0.023017202080650764,0.06721415438435295,1.0,1.0,1.5835951566696167,1.5835951566696167,0.06719152629375458,0.46511627906976744,0.28797696184305266,9.008620262145996,4.036298751831055,8.946137428283691,1.0009578466415405,1.0090746879577637,0.9940152764320374,-0.008116841316223145,0.001
123,0.017908379604870624,0.017908379604870624,0.06722032075578516,1.0,1.0,1.5964369773864746,1.5964369773864746,0.06731586158275604,0.46511627906976744,0.28797696184305266,9.008857727050781,4.036600112915039,8.9456787109375,1.0009841918945312,1.0091500282287598,0.9939643144607544,-0.008165836334228516,0.001
124,0.02155526913702488,0.02155526913702488,0.06737626818093387,1.0,1.0,1.597880482673645,1.597880482673645,0.06743280589580536,0.46511627906976744,0.28797696184305266,9.009025573730469,4.036871433258057,8.94528865814209,1.0010027885437012,1.0092178583145142,0.9939209818840027,-0.008215069770812988,0.001
125,0.02038786831227216,0.02038786831227216,0.06745327738198367,1.0,1.0,1.5857105255126953,1.5857105255126953,0.06749336421489716,0.46511627906976744,0.28797696184305266,9.009221076965332,4.037035942077637,8.944930076599121,1.001024603843689,1.0092589855194092,0.993881106376648,-0.008234381675720215,0.001
126,0.021106109192425556,0.021106109192425556,0.06756481392817064,1.0,1.0,1.6152466535568237,1.6152466535568237,0.06777720153331757,0.46511627906976744,0.28797696184305266,9.009618759155273,4.037691116333008,8.943952560424805,1.0010687112808228,1.009422779083252,0.9937725067138672,-0.0083540678024292,0.001
127,0.025721409950744022,0.025721409950744022,0.06788104366172444,1.0,1.0,1.6189227104187012,1.6189227104187012,0.068079873919487,0.4883720930232558,0.31893448524118073,9.009590148925781,4.038290977478027,8.943626403808594,1.0010656118392944,1.0095727443695068,0.9937362670898438,-0.008507132530212402,0.001
128,0.020266258242455395,0.020266258242455395,0.06813912093639374,1.0,1.0,1.615613341331482,1.615613341331482,0.06820254027843475,0.4883720930232558,0.31893448524118073,9.009726524353027,4.0385661125183105,8.943258285522461,1.0010807514190674,1.0096415281295776,0.9936953783035278,-0.008560776710510254,0.001
129,0.017825878817926754,0.017825878817926754,0.06817443939772519,1.0,1.0,1.5975620746612549,1.5975620746612549,0.06813864409923553,0.4883720930232558,0.31893448524118073,9.009657859802246,4.038424015045166,8.943492889404297,1.0010731220245361,1.0096060037612915,0.9937214255332947,-0.008532881736755371,0.001
130,0.017962678081609985,0.017962678081609985,0.06811771745031531,1.0,1.0,1.5908112525939941,1.5908112525939941,0.06804053485393524,0.4883720930232558,0.31893448524118073,9.009498596191406,4.038191795349121,8.943859100341797,1.001055359840393,1.0095479488372803,0.9937621355056763,-0.008492588996887207,0.001
131,0.018465111709453842,0.018465111709453842,0.06800378588112918,1.0,1.0,1.5934677124023438,1.5934677124023438,0.06793467700481415,0.4883720930232558,0.31893448524118073,9.009511947631836,4.037983417510986,8.943942070007324,1.0010569095611572,1.0094958543777466,0.9937713146209717,-0.008438944816589355,0.001
132,0.027223130518739872,0.027223130518739872,0.06800692867149007,0.9943181818181818,0.9924134660976767,1.5979251861572266,1.5979251861572266,0.0682254284620285,0.4883720930232558,0.31844380403458217,9.009379386901855,4.038535118103027,8.943571090698242,1.001042127609253,1.0096337795257568,0.9937301278114319,-0.008591651916503906,0.001
133,0.016389659521254627,0.016389659521254627,0.06833502514795824,1.0,1.0,1.6051098108291626,1.6051098108291626,0.06855575740337372,0.4883720930232558,0.31844380403458217,9.00926399230957,4.039170265197754,8.943102836608887,1.001029372215271,1.0097925662994385,0.993678092956543,-0.00876319408416748,0.001
134,0.01668265580453656,0.01668265580453656,0.0686309893022884,1.0,1.0,1.6167144775390625,1.6167144775390625,0.0687367171049118,0.4883720930232558,0.31844380403458217,9.009300231933594,4.0395402908325195,8.942643165588379,1.0010333061218262,1.0098850727081299,0.9936270117759705,-0.008851766586303711,0.001
135,0.02151001210917126,0.02151001210917126,0.06873458217490803,1.0,1.0,1.643226146697998,1.643226146697998,0.06865958869457245,0.4883720930232558,0.31844380403458217,9.009772300720215,4.039490699768066,8.942107200622559,1.0010857582092285,1.0098726749420166,0.9935674667358398,-0.008786916732788086,0.001
136,0.019305086101997982,0.019305086101997982,0.06856715814633803,1.0,1.0,1.642264485359192,1.642264485359192,0.06838051974773407,0.46511627906976744,0.28797696184305266,9.01020622253418,4.039029598236084,8.942113876342773,1.0011340379714966,1.009757399559021,0.9935681819915771,-0.008623361587524414,0.001
137,0.018038516356186432,0.018038516356186432,0.068291036920114,1.0,1.0,1.6442335844039917,1.6442335844039917,0.06810347735881805,0.46511627906976744,0.28797696184305266,9.010448455810547,4.038528919219971,8.942428588867188,1.001160979270935,1.0096322298049927,0.9936031699180603,-0.008471250534057617,0.001
138,0.019019307907332073,0.019019307907332073,0.0680209303444082,1.0,1.0,1.628246545791626,1.628246545791626,0.06788186728954315,0.46511627906976744,0.28797696184305266,9.010497093200684,4.038095951080322,8.942925453186035,1.0011663436889648,1.0095239877700806,0.9936583638191223,-0.008357644081115723,0.001
139,0.018560029735619373,0.018560029735619373,0.0678801875222813,1.0,1.0,1.6233501434326172,1.6233501434326172,0.06783466041088104,0.46511627906976744,0.28797696184305266,9.010321617126465,4.037962436676025,8.943427085876465,1.0011467933654785,1.0094906091690063,0.9937140941619873,-0.008343815803527832,0.001
140,0.015513501892035658,0.015513501892035658,0.06781095943667671,1.0,1.0,1.599934458732605,1.599934458732605,0.0677444189786911,0.4883720930232558,0.3199137311286845,9.010017395019531,4.037714958190918,8.944218635559082,1.0011130571365356,1.0094287395477295,0.9938020706176758,-0.008315682411193848,0.001
141,0.01742139661853964,0.01742139661853964,0.0677415362813256,1.0,1.0,1.575647234916687,1.575647234916687,0.06771425902843475,0.5348837209302325,0.382183908045977,9.009737014770508,4.03759241104126,8.94482135772705,1.001081943511963,1.009398102760315,0.9938690662384033,-0.00831615924835205,0.001
142,0.018063638867302376,0.018063638867302376,0.06768817386843941,1.0,1.0,1.5712693929672241,1.5712693929672241,0.06764130294322968,0.4883720930232558,0.3204022988505747,9.009468078613281,4.037387371063232,8.945405960083008,1.0010520219802856,1.009346842765808,0.9939339756965637,-0.008294820785522461,0.001
143,0.015196546742861921,0.015196546742861921,0.06761574880643324,1.0,1.0,1.626680612564087,1.626680612564087,0.0675465315580368,0.4883720930232558,0.32089016511127055,9.0094575881958,4.037194728851318,8.945500373840332,1.0010508298873901,1.0092986822128296,0.9939444661140442,-0.008247852325439453,0.001
144,0.022531827742403202,0.022531827742403202,0.0675237083976919,0.9943181818181818,0.9924154277095454,1.6446689367294312,1.6446689367294312,0.06746725738048553,0.4418604651162791,0.2575539568345323,9.00975227355957,4.037101745605469,8.944968223571777,1.0010836124420166,1.0092754364013672,0.993885338306427,-0.008191823959350586,0.001
145,0.01627140526067127,0.01627140526067127,0.06744889914989471,1.0,1.0,1.6396714448928833,1.6396714448928833,0.06746833026409149,0.4418604651162791,0.2575539568345323,9.010015487670898,4.0371623039245605,8.944219589233398,1.0011128187179565,1.0092905759811401,0.9938021898269653,-0.008177757263183594,0.001
146,0.01330939494073391,0.01330939494073391,0.06750766932964325,1.0,1.0,1.636527180671692,1.636527180671692,0.06763045489788055,0.46511627906976744,0.28797696184305266,9.010278701782227,4.037545204162598,8.943395614624023,1.0011420249938965,1.0093863010406494,0.9937106370925903,-0.00824427604675293,0.001
147,0.02270602265542204,0.02270602265542204,0.0677571093494242,1.0,1.0,1.6273138523101807,1.6273138523101807,0.06803230941295624,0.46511627906976744,0.28797696184305266,9.010421752929688,4.0383806228637695,8.942471504211426,1.0011579990386963,1.0095951557159424,0.9936079382896423,-0.008437156677246094,0.001
148,0.015693968585269016,0.015693968585269016,0.06813721358776093,1.0,1.0,1.6050922870635986,1.6050922870635986,0.0683993548154831,0.4883720930232558,0.31844380403458217,9.010494232177734,4.039130687713623,8.941720962524414,1.0011659860610962,1.0097826719284058,0.9935245513916016,-0.00861668586730957,0.001
149,0.013407838954166933,0.013407838954166933,0.0684813924811103,1.0,1.0,1.609288215637207,1.609288215637207,0.06860558688640594,0.46511627906976744,0.2869502523431867,9.010425567626953,4.039527893066406,8.941457748413086,1.001158356666565,1.0098819732666016,0.9934952855110168,-0.008723616600036621,0.001
150,0.02209091406654228,0.02209091406654228,0.06860391795635223,1.0,1.0,1.625343680381775,1.625343680381775,0.06853322684764862,0.4883720930232558,0.31844380403458217,9.01074504852295,4.039454460144043,8.941197395324707,1.001193881034851,1.0098636150360107,0.9934663772583008,-0.008669734001159668,0.001
151,0.01655384838919748,0.01655384838919748,0.06848344071344896,1.0,1.0,1.6504080295562744,1.6504080295562744,0.06836609542369843,0.4883720930232558,0.31893448524118073,9.01077938079834,4.039127349853516,8.941560745239258,1.0011976957321167,1.009781837463379,0.9935067296028137,-0.008584141731262207,0.001
152,0.018769913945685734,0.018769913945685734,0.06835206123915585,1.0,1.0,1.6863807439804077,1.6863807439804077,0.06827478110790253,0.5116279069767442,0.3508267433501078,9.010936737060547,4.038980007171631,8.941731452941895,1.0012152194976807,1.0097450017929077,0.9935257434844971,-0.00852978229522705,0.001
153,0.010974866422739897,0.010974866422739897,0.06819042427973314,1.0,1.0,1.6778738498687744,1.6778738498687744,0.06799809634685516,0.5116279069767442,0.3508267433501078,9.011078834533691,4.038457870483398,8.94229507446289,1.0012309551239014,1.0096144676208496,0.9935883283615112,-0.008383512496948242,0.001
154,0.013454196805303747,0.013454196805303747,0.0679213364015926,1.0,1.0,1.6522430181503296,1.6522430181503296,0.06777326762676239,0.5116279069767442,0.3512931034482759,9.011157035827637,4.038025856018066,8.942740440368652,1.0012396574020386,1.0095064640045166,0.9936378002166748,-0.008266806602478027,0.001
155,0.01883700176734816,0.01883700176734816,0.06776221367445859,1.0,1.0,1.6435775756835938,1.6435775756835938,0.06774179637432098,0.5116279069767442,0.3512931034482759,9.011597633361816,4.038060665130615,8.942035675048828,1.001288652420044,1.0095151662826538,0.9935595393180847,-0.008226513862609863,0.001
156,0.01839580861004916,0.01839580861004916,0.06777261739427393,0.9943181818181818,0.992412812001552,1.6792556047439575,1.6792556047439575,0.06791357696056366,0.4883720930232558,0.3199137311286845,9.01201343536377,4.038496971130371,8.941025733947754,1.0013347864151,1.0096242427825928,0.9934473037719727,-0.008289456367492676,0.001
157,0.023799438029527664,0.023799438029527664,0.0678641592914408,0.9943181818181818,0.9924154277095454,1.670005440711975,1.670005440711975,0.0677373856306076,0.5348837209302325,0.38129496402877705,9.012170791625977,4.038179397583008,8.941051483154297,1.001352310180664,1.009544849395752,0.9934501647949219,-0.00819253921508789,0.001
158,0.012721788900142366,0.012721788900142366,0.06765509870919315,1.0,1.0,1.6463044881820679,1.6463044881820679,0.06743745505809784,0.5348837209302325,0.3804034582132565,9.011947631835938,4.037529945373535,8.941916465759277,1.0013275146484375,1.0093824863433838,0.9935462474822998,-0.008054971694946289,0.001
159,0.012838883240791884,0.012838883240791884,0.06733388385989449,1.0,1.0,1.6376456022262573,1.6376456022262573,0.06705646216869354,0.5116279069767442,0.3494236311239193,9.011638641357422,4.0366997718811035,8.943086624145508,1.0012931823730469,1.0091749429702759,0.9936763048171997,-0.007881760597229004,0.001
160,0.02268605636940761,0.02268605636940761,0.06694980236617001,1.0,1.0,1.6796799898147583,1.6796799898147583,0.0666523426771164,0.4883720930232558,0.31893448524118073,9.011604309082031,4.03588342666626,8.943809509277344,1.0012893676757812,1.008970856666565,0.9937565922737122,-0.007681488990783691,0.001
161,0.012167813002385876,0.012167813002385876,0.06655230440876701,1.0,1.0,1.727337121963501,1.727337121963501,0.06636564433574677,0.46511627906976744,0.2884892086330936,9.011699676513672,4.0353312492370605,8.944189071655273,1.0012999773025513,1.0088328123092651,0.9937987923622131,-0.007532835006713867,0.001
162,0.013845537873831663,0.013845537873831663,0.06633265587416562,1.0,1.0,1.7770023345947266,1.7770023345947266,0.06626550853252411,0.46511627906976744,0.2884892086330936,9.011767387390137,4.0351457595825195,8.944352149963379,1.001307487487793,1.0087864398956299,0.9938169121742249,-0.007478952407836914,0.001
163,0.013805766674605284,0.013805766674605284,0.06624615327878432,1.0,1.0,1.7610150575637817,1.7610150575637817,0.06625525653362274,0.4418604651162791,0.25808770668583747,9.011947631835938,4.035165786743164,8.944168090820312,1.0013275146484375,1.008791446685791,0.9937964677810669,-0.007463932037353516,0.001
164,0.014098624275489286,0.014098624275489286,0.06627904420549219,1.0,1.0,1.67584228515625,1.67584228515625,0.06632106006145477,0.4418604651162791,0.25808770668583747,9.01193618774414,4.035294532775879,8.944070816040039,1.0013262033462524,1.0088236331939697,0.9937856197357178,-0.007497429847717285,0.001
165,0.017595429989424618,0.017595429989424618,0.06634834815155376,1.0,1.0,1.636962890625,1.636962890625,0.06633882224559784,0.4418604651162791,0.25808770668583747,9.012174606323242,4.035383224487305,8.9435453414917,1.0013527870178223,1.0088458061218262,0.9937272667884827,-0.007493019104003906,0.001
166,0.01226965481923385,0.01226965481923385,0.06629839945923198,1.0,1.0,1.5970314741134644,1.5970314741134644,0.06625024974346161,0.4186046511627907,0.2260619150467963,9.012250900268555,4.035223007202148,8.943432807922363,1.0013612508773804,1.008805751800537,0.9937147498130798,-0.007444500923156738,0.001
167,0.018311901864680378,0.018311901864680378,0.06624229523268613,0.9943181818181818,0.992412812001552,1.5950778722763062,1.5950778722763062,0.06619362533092499,0.5116279069767442,0.3494236311239193,9.012532234191895,4.035172462463379,8.943034172058105,1.0013924837112427,1.0087931156158447,0.9936704635620117,-0.007400631904602051,0.001
168,0.016158393668857487,0.016158393668857487,0.06613357636061581,1.0,1.0,1.6233909130096436,1.6233909130096436,0.06603066623210907,0.5116279069767442,0.3494236311239193,9.012964248657227,4.034942626953125,8.942582130432129,1.0014405250549316,1.0087356567382812,0.9936202168464661,-0.007295131683349609,0.001
169,0.012070190838792107,0.012070190838792107,0.06600196930495175,1.0,1.0,1.6846668720245361,1.6846668720245361,0.06595198810100555,0.5348837209302325,0.3808495320374371,9.01297378540039,4.034787178039551,8.942825317382812,1.001441478729248,1.0086967945098877,0.9936472773551941,-0.0072553157806396484,0.001
170,0.011620993048629978,0.011620993048629978,0.06594533405520699,1.0,1.0,1.7193479537963867,1.7193479537963867,0.06593029201030731,0.5116279069767442,0.3503597122302158,9.012946128845215,4.034737586975098,8.943136215209961,1.0014384984970093,1.0086843967437744,0.993681788444519,-0.007245898246765137,0.001
171,0.015656199052252552,0.015656199052252552,0.06596100465817885,1.0,1.0,1.7283382415771484,1.7283382415771484,0.06597797572612762,0.4883720930232558,0.3194244604316546,9.012933731079102,4.034830093383789,8.943288803100586,1.0014370679855347,1.0087075233459473,0.99369877576828,-0.007270455360412598,0.001
172,0.012353560379282995,0.012353560379282995,0.06598382781852376,1.0,1.0,1.6886717081069946,1.6886717081069946,0.06598930060863495,0.4883720930232558,0.31893448524118073,9.012892723083496,4.034843444824219,8.94342041015625,1.0014325380325317,1.0087108612060547,0.99371337890625,-0.007278323173522949,0.001
173,0.013603453016416594,0.013603453016416594,0.06597346744754097,1.0,1.0,1.6521493196487427,1.6521493196487427,0.06593279540538788,0.4883720930232558,0.31893448524118073,9.013066291809082,4.034769058227539,8.943324089050293,1.001451849937439,1.0086922645568848,0.9937026500701904,-0.007240414619445801,0.001
174,0.010888760655441067,0.010888760655441067,0.06589455089785835,1.0,1.0,1.6130141019821167,1.6130141019821167,0.06584398448467255,0.5116279069767442,0.3494236311239193,9.013555526733398,4.034700393676758,8.942827224731445,1.0015062093734741,1.0086750984191895,0.9936474561691284,-0.007168889045715332,0.001
175,0.015382102267308668,0.015382102267308668,0.06585823541337793,1.0,1.0,1.593973159790039,1.593973159790039,0.06589262187480927,0.5116279069767442,0.3494236311239193,9.013671875,4.034823417663574,8.9425687789917,1.0015190839767456,1.0087058544158936,0.9936187267303467,-0.007186770439147949,0.001
176,0.010327162644402548,0.010327162644402548,0.06592779945243489,1.0,1.0,1.6004436016082764,1.6004436016082764,0.06604115664958954,0.4883720930232558,0.31893448524118073,9.013676643371582,4.035121440887451,8.94230842590332,1.0015196800231934,1.0087803602218628,0.9935898184776306,-0.007260680198669434,0.001
177,0.01211733811280944,0.01211733811280944,0.06613045524467122,1.0,1.0,1.624929428100586,1.624929428100586,0.0662715882062912,0.5348837209302325,0.38129496402877694,9.013789176940918,4.03560733795166,8.941764831542969,1.0015320777893066,1.008901834487915,0.9935294389724731,-0.0073697566986083984,0.001
178,0.012232891876589169,0.012232891876589169,0.06630816378376701,1.0,1.0,1.641182780265808,1.641182780265808,0.0664161890745163,0.5116279069767442,0.350826743350108,9.013877868652344,4.035916328430176,8.941350936889648,1.0015419721603394,1.008979082107544,0.9934834241867065,-0.00743710994720459,0.001
179,0.0140137987380678,0.0140137987380678,0.0664869560436769,1.0,1.0,1.6733195781707764,1.6733195781707764,0.06666140258312225,0.5348837209302325,0.38129496402877694,9.014022827148438,4.036438941955566,8.940682411193848,1.0015580654144287,1.0091097354888916,0.9934091567993164,-0.007551670074462891,0.001
180,0.01116347744722258,0.01116347744722258,0.06672807308760556,1.0,1.0,1.6941596269607544,1.6941596269607544,0.06684534251689911,0.5348837209302325,0.38129496402877694,9.013623237609863,4.036717891693115,8.941006660461426,1.0015137195587158,1.0091794729232788,0.9934451580047607,-0.007665753364562988,0.001
181,0.01754747267643159,0.01754747267643159,0.06683674861084331,1.0,1.0,1.708361268043518,1.708361268043518,0.06672446429729462,0.5116279069767442,0.3508267433501078,9.013492584228516,4.036447525024414,8.941692352294922,1.0014991760253906,1.0091118812561035,0.9935213923454285,-0.007612705230712891,0.001
182,0.007861254990778187,0.007861254990778187,0.06665529039773074,1.0,1.0,1.7008442878723145,1.7008442878723145,0.06652574241161346,0.4883720930232558,0.3204022988505747,9.013274192810059,4.036001205444336,8.942605972290039,1.0014748573303223,1.009000301361084,0.993622899055481,-0.007525444030761719,0.001
183,0.014758790081197565,0.014758790081197565,0.06651136143641039,1.0,1.0,1.719907522201538,1.719907522201538,0.06649677455425262,0.4883720930232558,0.3204022988505747,9.01352310180664,4.035998821258545,8.942544937133789,1.001502513885498,1.0089997053146362,0.9936161041259766,-0.007497191429138184,0.001
184,0.010121731256896799,0.010121731256896799,0.06649513813582333,1.0,1.0,1.737626314163208,1.737626314163208,0.06647531688213348,0.4883720930232558,0.3204022988505747,9.013993263244629,4.036060333251953,8.942058563232422,1.0015548467636108,1.0090150833129883,0.9935620427131653,-0.007460236549377441,0.001
185,0.01112327009270137,0.01112327009270137,0.06648681515997107,1.0,1.0,1.716887354850769,1.716887354850769,0.06653468310832977,0.4883720930232558,0.3204022988505747,9.014348030090332,4.036257743835449,8.94165325164795,1.0015941858291626,1.0090644359588623,0.9935170412063599,-0.007470250129699707,0.001
186,0.013691626489162445,0.013691626489162445,0.06651684506372972,1.0,1.0,1.685320496559143,1.685320496559143,0.06651429831981659,0.4883720930232558,0.3204022988505747,9.014527320861816,4.036256790161133,8.941445350646973,1.0016140937805176,1.0090641975402832,0.993493914604187,-0.007450103759765625,0.001
187,0.026308138939467342,0.026308138939467342,0.06651035357605327,0.9943181818181818,0.9924108490362641,1.6991686820983887,1.6991686820983887,0.0666903704404831,0.4883720930232558,0.3204022988505747,9.014411926269531,4.036583423614502,8.941239356994629,1.0016013383865356,1.0091458559036255,0.9934710264205933,-0.007544517517089844,0.001
188,0.008367609274996952,0.008367609274996952,0.06683782149444926,1.0,1.0,1.7654229402542114,1.7654229402542114,0.06714026629924774,0.5116279069767442,0.3512931034482759,9.013707160949707,4.037326812744141,8.941488265991211,1.0015230178833008,1.0093317031860352,0.993498682975769,-0.007808685302734375,0.001
189,0.014810710383409803,0.014810710383409803,0.06725478307767348,1.0,1.0,1.7178256511688232,1.7178256511688232,0.06739799678325653,0.5116279069767442,0.3512931034482759,9.01317024230957,4.037723064422607,8.941734313964844,1.0014634132385254,1.0094307661056519,0.993526041507721,-0.007967352867126465,0.001
190,0.015958594158291817,0.015958594158291817,0.06731478869915009,1.0,1.0,1.632978081703186,1.632978081703186,0.06707517802715302,0.5348837209302325,0.382183908045977,9.012887001037598,4.037014007568359,8.942481994628906,1.001431941986084,1.0092535018920898,0.9936091303825378,-0.00782155990600586,0.001
191,0.015041570517827164,0.015041570517827164,0.06694253059950742,1.0,1.0,1.6346683502197266,1.6346683502197266,0.06667713820934296,0.5348837209302325,0.3826274228284279,9.012572288513184,4.036148548126221,8.943266868591309,1.001396894454956,1.0090371370315552,0.9936963319778442,-0.007640242576599121,0.001
