channel_index,channel_name,group,raw_gate,effective_gate,normalized_gate
0,Fz,other,-0.015253563411533833,0.9923734068870544,0.04510801285505295
1,FC3,sensorimotor,0.014078361913561821,1.0070390701293945,0.045774634927511215
2,FC1,other,0.007459887769073248,1.0037299394607544,0.04562421888113022
3,FCz,sensorimotor,-0.01682916283607483,0.9915856122970581,0.045072201639413834
4,FC2,other,-0.004984971135854721,0.9975074529647827,0.0453413762152195
5,FC4,sensorimotor,-0.004124992061406374,0.9979374408721924,0.04536092281341553
6,C5,other,-0.011758003383874893,0.9941210150718689,0.04518744722008705
7,C3,sensorimotor,0.005422244779765606,1.0027110576629639,0.04557790607213974
8,C1,other,0.019062547013163567,1.009531021118164,0.04588790610432625
9,Cz,sensorimotor,-0.010451450012624264,0.9947744011878967,0.04521714895963669
10,C2,other,0.018308639526367188,1.0091540813446045,0.04587076976895332
11,C4,sensorimotor,-0.011189846321940422,0.9944051504135132,0.04520036280155182
12,C6,other,0.026721391826868057,1.0133599042892456,0.04606194421648979
13,CP3,sensorimotor,0.0032082663383334875,1.0016041994094849,0.04552759230136871
14,CP1,other,-0.011593986302614212,0.9942030310630798,0.04519117623567581
15,CPz,sensorimotor,0.01935921050608158,1.0096793174743652,0.045894645154476166
16,CP2,other,0.005389637313783169,1.002694845199585,0.045577168464660645
17,CP4,sensorimotor,-0.01041756197810173,0.9947912693023682,0.04521791264414787
18,P1,posterior,-0.00479314336553216,0.9976034760475159,0.045345742255449295
19,Pz,posterior,-0.016531039029359818,0.9917347431182861,0.045078981667757034
20,P2,posterior,-0.005605657119303942,0.997197151184082,0.04532727226614952
21,POz,posterior,0.004398016724735498,1.0021989345550537,0.04555462673306465
