file_name,group,purpose,used_by_sh,used_in_final_pipeline,duplicate_of,depends_on_30_epoch_results,can_archive,must_keep,notes
01_check_dataset.py,A,Comprueba carga del dataset BCI IV 2a y un forward pass de EEGNet.,,yes,,no,no,yes,Script de validacion inicial del entorno y dataset; util para reproducibilidad.
02_train_eegnet_bciciv2a.py,A,"Entrena el baseline EEGNet y guarda history, summaries y checkpoints.",run_baseline_phase1.sh; run_baseline_best_seeds.sh; run_rebuild_baseline_best_seeds.sh,yes,,no,no,yes,Script central del baseline final.
03_channel_importance.py,A,Calcula permutation importance por canal a partir de un checkpoint.,run_final_channel_analysis.sh,yes,,no,no,yes,"Genera CSV, sorted CSV y barplot del analisis final."
04_logic_loss_eegnet.py,A,"Entrena EEGNet con logic loss y guarda history, summaries y checkpoints.",run_logic_loss_lambdas.sh,yes,,no,no,yes,Script central de logic loss para el TFM final.
05_plot_channel_importance.py,C,Ordena un CSV de channel importance y dibuja un barplot simple.,,no,03_channel_importance.py,no,yes,no,Quedo reemplazado porque 03 ya puede escribir el CSV ordenado y el barplot en una sola ejecucion.
05_plot_channel_importance_comparison.py,A,Compara importancia baseline vs logic loss y genera CSV y figuras de comparacion/delta.,run_final_channel_analysis.sh,yes,,no,no,yes,Parte directa del pipeline final de comparacion.
05_plot_channel_importance_pretty.py,C,Genera figuras comparativas mas estilizadas para channel importance.,,no,05_plot_channel_importance_comparison.py,indirectly/legacy,yes,no,No lo usa ningun .sh final y contiene accuracies hardcodeadas desactualizadas.
06_channel_importance_by_class.py,B,Calcula permutation importance por canal y por clase para baseline y logic loss.,,no,,no,not recommended,optional,"Util para analisis complementario, pero no forma parte del pipeline principal actual."
07_sensorimotor_coherence_score.py,C,Calcula ratios de coherencia sensorimotora desde CSVs de importance.,,no,08_finalize_channel_analysis.py,yes,yes,no,Sus defaults apuntan a archivos *_30ep.csv y su funcionalidad quedo absorbida por 08.
08_finalize_channel_analysis.py,A,"Construye delta por canal, coherence CSV/PNG, tabla LaTeX y resumen JSON final.",run_final_channel_analysis.sh,yes,,no,no,yes,Consolida el resumen final del analisis de canales.
09_plot_channel_importance_by_class.py,B,Dibuja figuras top-k por clase a partir del CSV de 06.,,no,,no,not recommended,optional,"Util para figuras adicionales o apendice, pero no entra en el pipeline principal."
10_plot_topomap_channel_importance.py,A,Genera topomaps de importancia por canal.,run_final_channel_analysis.sh,yes,,mixed,no,yes,El modo final usa --input-csv/--output-path; mantiene tambien un modo legado con defaults *_30ep.
11_plot_eegnet_architecture.py,B,Genera una figura conceptual de la arquitectura EEGNet para documentacion del TFM.,,no,,no,not recommended,optional,"No es parte del pipeline experimental, pero si es util para figuras del documento."
12_update_baseline_summary.py,C,Recolecta summaries baseline en un CSV agregado con notas de runs phase1.,,no,summarize_baseline_best_seeds.py; baseline_runs_summary.csv generado por 02_train_eegnet_bciciv2a.py,legacy/phase1,yes,no,Arrastra notas de phase1 y ya no gobierna el resumen final de seeds seleccionadas.
mi_ltn_common.py,A,"Modulo comun con dataset, modelo EEGNet, seeds, loaders y utilidades compartidas.",run_final_channel_analysis.sh (comprobacion indirecta); usado por multiples .py,yes,,no,no,yes,"Dependencia comun del bloque experimental; no es un script ejecutable, pero es esencial."
summarize_baseline_best_seeds.py,A,Genera el CSV y la tabla LaTeX de los baseline finales por seed.,run_baseline_best_seeds.sh; run_rebuild_baseline_best_seeds.sh,yes,,no,no,yes,Resumen final de baselines seleccionados.
summarize_logic_loss_lambdas.py,A,Resume barrido de lambdas logic loss y compara contra el baseline seleccionado.,run_logic_loss_lambdas.sh,yes,,no,no,yes,Necesario para la comparacion final de logic loss.
